id	split	kind	mode	threshold	query	expectedSources	candidateMsMedian	rankingMsMedian	totalMsSumOfMedians	recallAt1	recallAt3	mrrAt20	firstRelevantChunkRank	rankedSources	rankedChunkIds
D01	dev	paraphrase	VECTOR	0.0	工作线程都忙着，新任务一直排队	thread-pool-exhaustion.md	25.2843	0.0262	25.3105	1.0000	1.0000	1.0000	1	thread-pool-exhaustion.md,thread-pool-exhaustion.md,thread-pool-exhaustion.md,thread-pool-exhaustion.md,thread-pool-exhaustion.md,kafka-consumer-lag.md,thread-pool-exhaustion.md,mysql-slow-query.md,thread-pool-exhaustion.md,kafka-consumer-lag.md,mysql-slow-query.md,mysql-slow-query.md,mysql-slow-query.md,kafka-consumer-lag.md,thread-pool-exhaustion.md,kafka-consumer-lag.md,kafka-consumer-lag.md,kafka-consumer-lag.md,mysql-slow-query.md,kafka-consumer-lag.md	c86342a1f8fead74f25a1e264047806659d491e909435742516de2b9d333f24a,cc5f72b52750078c8a8f1fd8635f9dfd01a06e7e4f28bb3f6abd3301a56d7d27,a860345a5c3aeb9902cbb01e628adc1e1057c2351d61e3304a9ded3ed568fed5,fe642594379bd01453a34dac80c93cbbc31cbbf3cfd25542589d4ecc3933ded1,653ee6a2763bfb6d9faad3b6f0a603bcff19c6b6386bd19a76666f2cd509a2fb,e9afb755de33c52c6718454b60c892fc1e13054359d816a6a29e450f9e1399fe,d534bfed6ffacdcf5d3badcb333a800a21fe3d0e7f0655969b8ed03a90043c8e,4a31790f549d324205cb9fa1582f71eae4aa7eccb463d245b34231fd5dcb7969,eeac4bf4cc9e2d839aa85971bffc398b53ef73cbdb9dd9c7f6fc0aa6eda64f62,3a68b91a2dd18c3d0b72dbaa27c133e0f02ad064bd8b828b89d53902e20ad214,f9bea5a3f6b04e23d7e33d676283bc857aa167d96205969a379a7ce5d65c348d,21446f391a537a431b6196884dbb84a7918fa8f77198b70240cbbcf6efc3cc0f,75ac93b9d9581e152d113813a22c7fb9d830eb8b91a746ded06458017e4a43d8,eedc368fe4c73bbf596f887f1ebda7254673a19d3567cb1384014098d6160c22,777f56be5a5ad7e211fc5248bbfec8703690a8d3c7ce085ed92e32035dfd44c7,d6e7d9a9ef64e301e7875fb4b17921e6dbd033f23ea53d424c2a94e4a710dbd8,99697f4e520ba733252505cfa37313c6f2dd8f1649939561e694d40f623445b0,205cf5078583c5d03efa084da7e227abbaa9139444d5f7720e1e74f40e7244bd,f6f412737de4e8a225d1de70f67a706f7cb0d06868b364500dc7bebe03cbb132,feeb63b6d9784b7c4377a01e6be53fd810b4763166083e3e4e18d22af53ecf57
D01	dev	paraphrase	HYBRID	0.0	工作线程都忙着，新任务一直排队	thread-pool-exhaustion.md	25.2843	0.4627	25.7470	1.0000	1.0000	1.0000	1	thread-pool-exhaustion.md,thread-pool-exhaustion.md,thread-pool-exhaustion.md,thread-pool-exhaustion.md,thread-pool-exhaustion.md,thread-pool-exhaustion.md,kafka-consumer-lag.md,mysql-slow-query.md,thread-pool-exhaustion.md,mysql-slow-query.md,thread-pool-exhaustion.md,kafka-consumer-lag.md,kafka-consumer-lag.md,mysql-slow-query.md,mysql-slow-query.md,kafka-consumer-lag.md,kafka-consumer-lag.md,kafka-consumer-lag.md,mysql-slow-query.md,kafka-consumer-lag.md	cc5f72b52750078c8a8f1fd8635f9dfd01a06e7e4f28bb3f6abd3301a56d7d27,c86342a1f8fead74f25a1e264047806659d491e909435742516de2b9d333f24a,fe642594379bd01453a34dac80c93cbbc31cbbf3cfd25542589d4ecc3933ded1,d534bfed6ffacdcf5d3badcb333a800a21fe3d0e7f0655969b8ed03a90043c8e,a860345a5c3aeb9902cbb01e628adc1e1057c2351d61e3304a9ded3ed568fed5,653ee6a2763bfb6d9faad3b6f0a603bcff19c6b6386bd19a76666f2cd509a2fb,e9afb755de33c52c6718454b60c892fc1e13054359d816a6a29e450f9e1399fe,4a31790f549d324205cb9fa1582f71eae4aa7eccb463d245b34231fd5dcb7969,eeac4bf4cc9e2d839aa85971bffc398b53ef73cbdb9dd9c7f6fc0aa6eda64f62,f9bea5a3f6b04e23d7e33d676283bc857aa167d96205969a379a7ce5d65c348d,777f56be5a5ad7e211fc5248bbfec8703690a8d3c7ce085ed92e32035dfd44c7,eedc368fe4c73bbf596f887f1ebda7254673a19d3567cb1384014098d6160c22,3a68b91a2dd18c3d0b72dbaa27c133e0f02ad064bd8b828b89d53902e20ad214,21446f391a537a431b6196884dbb84a7918fa8f77198b70240cbbcf6efc3cc0f,75ac93b9d9581e152d113813a22c7fb9d830eb8b91a746ded06458017e4a43d8,d6e7d9a9ef64e301e7875fb4b17921e6dbd033f23ea53d424c2a94e4a710dbd8,99697f4e520ba733252505cfa37313c6f2dd8f1649939561e694d40f623445b0,205cf5078583c5d03efa084da7e227abbaa9139444d5f7720e1e74f40e7244bd,f6f412737de4e8a225d1de70f67a706f7cb0d06868b364500dc7bebe03cbb132,feeb63b6d9784b7c4377a01e6be53fd810b4763166083e3e4e18d22af53ecf57
D01	dev	paraphrase	HYBRID_RERANK	0.0	工作线程都忙着，新任务一直排队	thread-pool-exhaustion.md	25.2843	0.9501	26.2344	1.0000	1.0000	1.0000	1	thread-pool-exhaustion.md,thread-pool-exhaustion.md,thread-pool-exhaustion.md,thread-pool-exhaustion.md,thread-pool-exhaustion.md,thread-pool-exhaustion.md,thread-pool-exhaustion.md,thread-pool-exhaustion.md,kafka-consumer-lag.md,mysql-slow-query.md,mysql-slow-query.md,kafka-consumer-lag.md,kafka-consumer-lag.md,mysql-slow-query.md,mysql-slow-query.md,kafka-consumer-lag.md,kafka-consumer-lag.md,kafka-consumer-lag.md,mysql-slow-query.md,kafka-consumer-lag.md	fe642594379bd01453a34dac80c93cbbc31cbbf3cfd25542589d4ecc3933ded1,d534bfed6ffacdcf5d3badcb333a800a21fe3d0e7f0655969b8ed03a90043c8e,cc5f72b52750078c8a8f1fd8635f9dfd01a06e7e4f28bb3f6abd3301a56d7d27,653ee6a2763bfb6d9faad3b6f0a603bcff19c6b6386bd19a76666f2cd509a2fb,c86342a1f8fead74f25a1e264047806659d491e909435742516de2b9d333f24a,a860345a5c3aeb9902cbb01e628adc1e1057c2351d61e3304a9ded3ed568fed5,eeac4bf4cc9e2d839aa85971bffc398b53ef73cbdb9dd9c7f6fc0aa6eda64f62,777f56be5a5ad7e211fc5248bbfec8703690a8d3c7ce085ed92e32035dfd44c7,e9afb755de33c52c6718454b60c892fc1e13054359d816a6a29e450f9e1399fe,4a31790f549d324205cb9fa1582f71eae4aa7eccb463d245b34231fd5dcb7969,f9bea5a3f6b04e23d7e33d676283bc857aa167d96205969a379a7ce5d65c348d,eedc368fe4c73bbf596f887f1ebda7254673a19d3567cb1384014098d6160c22,3a68b91a2dd18c3d0b72dbaa27c133e0f02ad064bd8b828b89d53902e20ad214,21446f391a537a431b6196884dbb84a7918fa8f77198b70240cbbcf6efc3cc0f,75ac93b9d9581e152d113813a22c7fb9d830eb8b91a746ded06458017e4a43d8,d6e7d9a9ef64e301e7875fb4b17921e6dbd033f23ea53d424c2a94e4a710dbd8,99697f4e520ba733252505cfa37313c6f2dd8f1649939561e694d40f623445b0,205cf5078583c5d03efa084da7e227abbaa9139444d5f7720e1e74f40e7244bd,f6f412737de4e8a225d1de70f67a706f7cb0d06868b364500dc7bebe03cbb132,feeb63b6d9784b7c4377a01e6be53fd810b4763166083e3e4e18d22af53ecf57
D01	dev	paraphrase	VECTOR	0.47	工作线程都忙着，新任务一直排队	thread-pool-exhaustion.md	25.2843	0.0122	25.2965	1.0000	1.0000	1.0000	1	thread-pool-exhaustion.md,thread-pool-exhaustion.md,thread-pool-exhaustion.md,thread-pool-exhaustion.md,thread-pool-exhaustion.md,kafka-consumer-lag.md,thread-pool-exhaustion.md,mysql-slow-query.md,thread-pool-exhaustion.md,kafka-consumer-lag.md,mysql-slow-query.md,mysql-slow-query.md,mysql-slow-query.md,kafka-consumer-lag.md,thread-pool-exhaustion.md,kafka-consumer-lag.md,kafka-consumer-lag.md,kafka-consumer-lag.md,mysql-slow-query.md,kafka-consumer-lag.md	c86342a1f8fead74f25a1e264047806659d491e909435742516de2b9d333f24a,cc5f72b52750078c8a8f1fd8635f9dfd01a06e7e4f28bb3f6abd3301a56d7d27,a860345a5c3aeb9902cbb01e628adc1e1057c2351d61e3304a9ded3ed568fed5,fe642594379bd01453a34dac80c93cbbc31cbbf3cfd25542589d4ecc3933ded1,653ee6a2763bfb6d9faad3b6f0a603bcff19c6b6386bd19a76666f2cd509a2fb,e9afb755de33c52c6718454b60c892fc1e13054359d816a6a29e450f9e1399fe,d534bfed6ffacdcf5d3badcb333a800a21fe3d0e7f0655969b8ed03a90043c8e,4a31790f549d324205cb9fa1582f71eae4aa7eccb463d245b34231fd5dcb7969,eeac4bf4cc9e2d839aa85971bffc398b53ef73cbdb9dd9c7f6fc0aa6eda64f62,3a68b91a2dd18c3d0b72dbaa27c133e0f02ad064bd8b828b89d53902e20ad214,f9bea5a3f6b04e23d7e33d676283bc857aa167d96205969a379a7ce5d65c348d,21446f391a537a431b6196884dbb84a7918fa8f77198b70240cbbcf6efc3cc0f,75ac93b9d9581e152d113813a22c7fb9d830eb8b91a746ded06458017e4a43d8,eedc368fe4c73bbf596f887f1ebda7254673a19d3567cb1384014098d6160c22,777f56be5a5ad7e211fc5248bbfec8703690a8d3c7ce085ed92e32035dfd44c7,d6e7d9a9ef64e301e7875fb4b17921e6dbd033f23ea53d424c2a94e4a710dbd8,99697f4e520ba733252505cfa37313c6f2dd8f1649939561e694d40f623445b0,205cf5078583c5d03efa084da7e227abbaa9139444d5f7720e1e74f40e7244bd,f6f412737de4e8a225d1de70f67a706f7cb0d06868b364500dc7bebe03cbb132,feeb63b6d9784b7c4377a01e6be53fd810b4763166083e3e4e18d22af53ecf57
D01	dev	paraphrase	HYBRID	0.47	工作线程都忙着，新任务一直排队	thread-pool-exhaustion.md	25.2843	0.3949	25.6792	1.0000	1.0000	1.0000	1	thread-pool-exhaustion.md,thread-pool-exhaustion.md,thread-pool-exhaustion.md,thread-pool-exhaustion.md,thread-pool-exhaustion.md,thread-pool-exhaustion.md,kafka-consumer-lag.md,mysql-slow-query.md,thread-pool-exhaustion.md,mysql-slow-query.md,thread-pool-exhaustion.md,kafka-consumer-lag.md,kafka-consumer-lag.md,mysql-slow-query.md,mysql-slow-query.md,kafka-consumer-lag.md,kafka-consumer-lag.md,kafka-consumer-lag.md,mysql-slow-query.md,kafka-consumer-lag.md	cc5f72b52750078c8a8f1fd8635f9dfd01a06e7e4f28bb3f6abd3301a56d7d27,c86342a1f8fead74f25a1e264047806659d491e909435742516de2b9d333f24a,fe642594379bd01453a34dac80c93cbbc31cbbf3cfd25542589d4ecc3933ded1,d534bfed6ffacdcf5d3badcb333a800a21fe3d0e7f0655969b8ed03a90043c8e,a860345a5c3aeb9902cbb01e628adc1e1057c2351d61e3304a9ded3ed568fed5,653ee6a2763bfb6d9faad3b6f0a603bcff19c6b6386bd19a76666f2cd509a2fb,e9afb755de33c52c6718454b60c892fc1e13054359d816a6a29e450f9e1399fe,4a31790f549d324205cb9fa1582f71eae4aa7eccb463d245b34231fd5dcb7969,eeac4bf4cc9e2d839aa85971bffc398b53ef73cbdb9dd9c7f6fc0aa6eda64f62,f9bea5a3f6b04e23d7e33d676283bc857aa167d96205969a379a7ce5d65c348d,777f56be5a5ad7e211fc5248bbfec8703690a8d3c7ce085ed92e32035dfd44c7,eedc368fe4c73bbf596f887f1ebda7254673a19d3567cb1384014098d6160c22,3a68b91a2dd18c3d0b72dbaa27c133e0f02ad064bd8b828b89d53902e20ad214,21446f391a537a431b6196884dbb84a7918fa8f77198b70240cbbcf6efc3cc0f,75ac93b9d9581e152d113813a22c7fb9d830eb8b91a746ded06458017e4a43d8,d6e7d9a9ef64e301e7875fb4b17921e6dbd033f23ea53d424c2a94e4a710dbd8,99697f4e520ba733252505cfa37313c6f2dd8f1649939561e694d40f623445b0,205cf5078583c5d03efa084da7e227abbaa9139444d5f7720e1e74f40e7244bd,f6f412737de4e8a225d1de70f67a706f7cb0d06868b364500dc7bebe03cbb132,feeb63b6d9784b7c4377a01e6be53fd810b4763166083e3e4e18d22af53ecf57
D01	dev	paraphrase	HYBRID_RERANK	0.47	工作线程都忙着，新任务一直排队	thread-pool-exhaustion.md	25.2843	0.9487	26.2330	1.0000	1.0000	1.0000	1	thread-pool-exhaustion.md,thread-pool-exhaustion.md,thread-pool-exhaustion.md,thread-pool-exhaustion.md,thread-pool-exhaustion.md,thread-pool-exhaustion.md,thread-pool-exhaustion.md,thread-pool-exhaustion.md,kafka-consumer-lag.md,mysql-slow-query.md,mysql-slow-query.md,kafka-consumer-lag.md,kafka-consumer-lag.md,mysql-slow-query.md,mysql-slow-query.md,kafka-consumer-lag.md,kafka-consumer-lag.md,kafka-consumer-lag.md,mysql-slow-query.md,kafka-consumer-lag.md	fe642594379bd01453a34dac80c93cbbc31cbbf3cfd25542589d4ecc3933ded1,d534bfed6ffacdcf5d3badcb333a800a21fe3d0e7f0655969b8ed03a90043c8e,cc5f72b52750078c8a8f1fd8635f9dfd01a06e7e4f28bb3f6abd3301a56d7d27,653ee6a2763bfb6d9faad3b6f0a603bcff19c6b6386bd19a76666f2cd509a2fb,c86342a1f8fead74f25a1e264047806659d491e909435742516de2b9d333f24a,a860345a5c3aeb9902cbb01e628adc1e1057c2351d61e3304a9ded3ed568fed5,eeac4bf4cc9e2d839aa85971bffc398b53ef73cbdb9dd9c7f6fc0aa6eda64f62,777f56be5a5ad7e211fc5248bbfec8703690a8d3c7ce085ed92e32035dfd44c7,e9afb755de33c52c6718454b60c892fc1e13054359d816a6a29e450f9e1399fe,4a31790f549d324205cb9fa1582f71eae4aa7eccb463d245b34231fd5dcb7969,f9bea5a3f6b04e23d7e33d676283bc857aa167d96205969a379a7ce5d65c348d,eedc368fe4c73bbf596f887f1ebda7254673a19d3567cb1384014098d6160c22,3a68b91a2dd18c3d0b72dbaa27c133e0f02ad064bd8b828b89d53902e20ad214,21446f391a537a431b6196884dbb84a7918fa8f77198b70240cbbcf6efc3cc0f,75ac93b9d9581e152d113813a22c7fb9d830eb8b91a746ded06458017e4a43d8,d6e7d9a9ef64e301e7875fb4b17921e6dbd033f23ea53d424c2a94e4a710dbd8,99697f4e520ba733252505cfa37313c6f2dd8f1649939561e694d40f623445b0,205cf5078583c5d03efa084da7e227abbaa9139444d5f7720e1e74f40e7244bd,f6f412737de4e8a225d1de70f67a706f7cb0d06868b364500dc7bebe03cbb132,feeb63b6d9784b7c4377a01e6be53fd810b4763166083e3e4e18d22af53ecf57
D02	dev	technical	VECTOR	0.0	RejectedExecutionException 出现时如何排查执行器	thread-pool-exhaustion.md	27.5615	0.0247	27.5862	1.0000	1.0000	1.0000	1	thread-pool-exhaustion.md,thread-pool-exhaustion.md,thread-pool-exhaustion.md,thread-pool-exhaustion.md,thread-pool-exhaustion.md,mysql-slow-query.md,kafka-consumer-lag.md,thread-pool-exhaustion.md,thread-pool-exhaustion.md,kafka-consumer-lag.md,kafka-consumer-lag.md,mysql-slow-query.md,mysql-slow-query.md,kafka-consumer-lag.md,mysql-slow-query.md,thread-pool-exhaustion.md,kafka-consumer-lag.md,kafka-consumer-lag.md,mysql-slow-query.md,mysql-slow-query.md	cc5f72b52750078c8a8f1fd8635f9dfd01a06e7e4f28bb3f6abd3301a56d7d27,c86342a1f8fead74f25a1e264047806659d491e909435742516de2b9d333f24a,653ee6a2763bfb6d9faad3b6f0a603bcff19c6b6386bd19a76666f2cd509a2fb,d534bfed6ffacdcf5d3badcb333a800a21fe3d0e7f0655969b8ed03a90043c8e,eeac4bf4cc9e2d839aa85971bffc398b53ef73cbdb9dd9c7f6fc0aa6eda64f62,75ac93b9d9581e152d113813a22c7fb9d830eb8b91a746ded06458017e4a43d8,e9afb755de33c52c6718454b60c892fc1e13054359d816a6a29e450f9e1399fe,a860345a5c3aeb9902cbb01e628adc1e1057c2351d61e3304a9ded3ed568fed5,fe642594379bd01453a34dac80c93cbbc31cbbf3cfd25542589d4ecc3933ded1,3a68b91a2dd18c3d0b72dbaa27c133e0f02ad064bd8b828b89d53902e20ad214,eedc368fe4c73bbf596f887f1ebda7254673a19d3567cb1384014098d6160c22,f9bea5a3f6b04e23d7e33d676283bc857aa167d96205969a379a7ce5d65c348d,21446f391a537a431b6196884dbb84a7918fa8f77198b70240cbbcf6efc3cc0f,80ea04bfe5af4b02ddd52dfc87886771db9c2127bd10ef4083cbc85a0762afa6,f6f412737de4e8a225d1de70f67a706f7cb0d06868b364500dc7bebe03cbb132,777f56be5a5ad7e211fc5248bbfec8703690a8d3c7ce085ed92e32035dfd44c7,205cf5078583c5d03efa084da7e227abbaa9139444d5f7720e1e74f40e7244bd,d6e7d9a9ef64e301e7875fb4b17921e6dbd033f23ea53d424c2a94e4a710dbd8,9a1142c566e8e08896932ef6d4a8c14f780d8cbbcb11b1678101115aa8d45789,4a31790f549d324205cb9fa1582f71eae4aa7eccb463d245b34231fd5dcb7969
D02	dev	technical	HYBRID	0.0	RejectedExecutionException 出现时如何排查执行器	thread-pool-exhaustion.md	27.5615	0.4475	28.0090	1.0000	1.0000	1.0000	1	thread-pool-exhaustion.md,thread-pool-exhaustion.md,thread-pool-exhaustion.md,mysql-slow-query.md,thread-pool-exhaustion.md,mysql-slow-query.md,kafka-consumer-lag.md,mysql-slow-query.md,thread-pool-exhaustion.md,thread-pool-exhaustion.md,kafka-consumer-lag.md,kafka-consumer-lag.md,kafka-consumer-lag.md,kafka-consumer-lag.md,thread-pool-exhaustion.md,mysql-slow-query.md,mysql-slow-query.md,kafka-consumer-lag.md,thread-pool-exhaustion.md,mysql-slow-query.md	cc5f72b52750078c8a8f1fd8635f9dfd01a06e7e4f28bb3f6abd3301a56d7d27,c86342a1f8fead74f25a1e264047806659d491e909435742516de2b9d333f24a,d534bfed6ffacdcf5d3badcb333a800a21fe3d0e7f0655969b8ed03a90043c8e,75ac93b9d9581e152d113813a22c7fb9d830eb8b91a746ded06458017e4a43d8,653ee6a2763bfb6d9faad3b6f0a603bcff19c6b6386bd19a76666f2cd509a2fb,21446f391a537a431b6196884dbb84a7918fa8f77198b70240cbbcf6efc3cc0f,e9afb755de33c52c6718454b60c892fc1e13054359d816a6a29e450f9e1399fe,f9bea5a3f6b04e23d7e33d676283bc857aa167d96205969a379a7ce5d65c348d,fe642594379bd01453a34dac80c93cbbc31cbbf3cfd25542589d4ecc3933ded1,eeac4bf4cc9e2d839aa85971bffc398b53ef73cbdb9dd9c7f6fc0aa6eda64f62,80ea04bfe5af4b02ddd52dfc87886771db9c2127bd10ef4083cbc85a0762afa6,205cf5078583c5d03efa084da7e227abbaa9139444d5f7720e1e74f40e7244bd,3a68b91a2dd18c3d0b72dbaa27c133e0f02ad064bd8b828b89d53902e20ad214,eedc368fe4c73bbf596f887f1ebda7254673a19d3567cb1384014098d6160c22,a860345a5c3aeb9902cbb01e628adc1e1057c2351d61e3304a9ded3ed568fed5,9a1142c566e8e08896932ef6d4a8c14f780d8cbbcb11b1678101115aa8d45789,f6f412737de4e8a225d1de70f67a706f7cb0d06868b364500dc7bebe03cbb132,d6e7d9a9ef64e301e7875fb4b17921e6dbd033f23ea53d424c2a94e4a710dbd8,777f56be5a5ad7e211fc5248bbfec8703690a8d3c7ce085ed92e32035dfd44c7,4a31790f549d324205cb9fa1582f71eae4aa7eccb463d245b34231fd5dcb7969
D02	dev	technical	HYBRID_RERANK	0.0	RejectedExecutionException 出现时如何排查执行器	thread-pool-exhaustion.md	27.5615	0.9496	28.5111	1.0000	1.0000	1.0000	1	thread-pool-exhaustion.md,thread-pool-exhaustion.md,mysql-slow-query.md,mysql-slow-query.md,kafka-consumer-lag.md,kafka-consumer-lag.md,thread-pool-exhaustion.md,thread-pool-exhaustion.md,kafka-consumer-lag.md,mysql-slow-query.md,thread-pool-exhaustion.md,thread-pool-exhaustion.md,kafka-consumer-lag.md,kafka-consumer-lag.md,thread-pool-exhaustion.md,mysql-slow-query.md,mysql-slow-query.md,kafka-consumer-lag.md,thread-pool-exhaustion.md,mysql-slow-query.md	cc5f72b52750078c8a8f1fd8635f9dfd01a06e7e4f28bb3f6abd3301a56d7d27,d534bfed6ffacdcf5d3badcb333a800a21fe3d0e7f0655969b8ed03a90043c8e,75ac93b9d9581e152d113813a22c7fb9d830eb8b91a746ded06458017e4a43d8,21446f391a537a431b6196884dbb84a7918fa8f77198b70240cbbcf6efc3cc0f,80ea04bfe5af4b02ddd52dfc87886771db9c2127bd10ef4083cbc85a0762afa6,205cf5078583c5d03efa084da7e227abbaa9139444d5f7720e1e74f40e7244bd,c86342a1f8fead74f25a1e264047806659d491e909435742516de2b9d333f24a,653ee6a2763bfb6d9faad3b6f0a603bcff19c6b6386bd19a76666f2cd509a2fb,e9afb755de33c52c6718454b60c892fc1e13054359d816a6a29e450f9e1399fe,f9bea5a3f6b04e23d7e33d676283bc857aa167d96205969a379a7ce5d65c348d,fe642594379bd01453a34dac80c93cbbc31cbbf3cfd25542589d4ecc3933ded1,eeac4bf4cc9e2d839aa85971bffc398b53ef73cbdb9dd9c7f6fc0aa6eda64f62,3a68b91a2dd18c3d0b72dbaa27c133e0f02ad064bd8b828b89d53902e20ad214,eedc368fe4c73bbf596f887f1ebda7254673a19d3567cb1384014098d6160c22,a860345a5c3aeb9902cbb01e628adc1e1057c2351d61e3304a9ded3ed568fed5,9a1142c566e8e08896932ef6d4a8c14f780d8cbbcb11b1678101115aa8d45789,f6f412737de4e8a225d1de70f67a706f7cb0d06868b364500dc7bebe03cbb132,d6e7d9a9ef64e301e7875fb4b17921e6dbd033f23ea53d424c2a94e4a710dbd8,777f56be5a5ad7e211fc5248bbfec8703690a8d3c7ce085ed92e32035dfd44c7,4a31790f549d324205cb9fa1582f71eae4aa7eccb463d245b34231fd5dcb7969
D02	dev	technical	VECTOR	0.47	RejectedExecutionException 出现时如何排查执行器	thread-pool-exhaustion.md	27.5615	0.0101	27.5716	1.0000	1.0000	1.0000	1	thread-pool-exhaustion.md,thread-pool-exhaustion.md,thread-pool-exhaustion.md,thread-pool-exhaustion.md,thread-pool-exhaustion.md,mysql-slow-query.md,kafka-consumer-lag.md,thread-pool-exhaustion.md	cc5f72b52750078c8a8f1fd8635f9dfd01a06e7e4f28bb3f6abd3301a56d7d27,c86342a1f8fead74f25a1e264047806659d491e909435742516de2b9d333f24a,653ee6a2763bfb6d9faad3b6f0a603bcff19c6b6386bd19a76666f2cd509a2fb,d534bfed6ffacdcf5d3badcb333a800a21fe3d0e7f0655969b8ed03a90043c8e,eeac4bf4cc9e2d839aa85971bffc398b53ef73cbdb9dd9c7f6fc0aa6eda64f62,75ac93b9d9581e152d113813a22c7fb9d830eb8b91a746ded06458017e4a43d8,e9afb755de33c52c6718454b60c892fc1e13054359d816a6a29e450f9e1399fe,a860345a5c3aeb9902cbb01e628adc1e1057c2351d61e3304a9ded3ed568fed5
D02	dev	technical	HYBRID	0.47	RejectedExecutionException 出现时如何排查执行器	thread-pool-exhaustion.md	27.5615	0.4135	27.9750	1.0000	1.0000	1.0000	1	thread-pool-exhaustion.md,thread-pool-exhaustion.md,thread-pool-exhaustion.md,mysql-slow-query.md,thread-pool-exhaustion.md,kafka-consumer-lag.md,thread-pool-exhaustion.md,thread-pool-exhaustion.md	cc5f72b52750078c8a8f1fd8635f9dfd01a06e7e4f28bb3f6abd3301a56d7d27,c86342a1f8fead74f25a1e264047806659d491e909435742516de2b9d333f24a,d534bfed6ffacdcf5d3badcb333a800a21fe3d0e7f0655969b8ed03a90043c8e,75ac93b9d9581e152d113813a22c7fb9d830eb8b91a746ded06458017e4a43d8,653ee6a2763bfb6d9faad3b6f0a603bcff19c6b6386bd19a76666f2cd509a2fb,e9afb755de33c52c6718454b60c892fc1e13054359d816a6a29e450f9e1399fe,eeac4bf4cc9e2d839aa85971bffc398b53ef73cbdb9dd9c7f6fc0aa6eda64f62,a860345a5c3aeb9902cbb01e628adc1e1057c2351d61e3304a9ded3ed568fed5
D02	dev	technical	HYBRID_RERANK	0.47	RejectedExecutionException 出现时如何排查执行器	thread-pool-exhaustion.md	27.5615	0.6204	28.1819	1.0000	1.0000	1.0000	1	thread-pool-exhaustion.md,thread-pool-exhaustion.md,mysql-slow-query.md,thread-pool-exhaustion.md,thread-pool-exhaustion.md,kafka-consumer-lag.md,thread-pool-exhaustion.md,thread-pool-exhaustion.md	cc5f72b52750078c8a8f1fd8635f9dfd01a06e7e4f28bb3f6abd3301a56d7d27,d534bfed6ffacdcf5d3badcb333a800a21fe3d0e7f0655969b8ed03a90043c8e,75ac93b9d9581e152d113813a22c7fb9d830eb8b91a746ded06458017e4a43d8,c86342a1f8fead74f25a1e264047806659d491e909435742516de2b9d333f24a,653ee6a2763bfb6d9faad3b6f0a603bcff19c6b6386bd19a76666f2cd509a2fb,e9afb755de33c52c6718454b60c892fc1e13054359d816a6a29e450f9e1399fe,eeac4bf4cc9e2d839aa85971bffc398b53ef73cbdb9dd9c7f6fc0aa6eda64f62,a860345a5c3aeb9902cbb01e628adc1e1057c2351d61e3304a9ded3ed568fed5
D03	dev	cross-component	VECTOR	0.0	业务线程池阻塞后 Kafka 消费积压上升	kafka-consumer-lag.md,thread-pool-exhaustion.md	24.8420	0.0248	24.8668	0.5000	1.0000	1.0000	1	thread-pool-exhaustion.md,kafka-consumer-lag.md,kafka-consumer-lag.md,kafka-consumer-lag.md,kafka-consumer-lag.md,kafka-consumer-lag.md,kafka-consumer-lag.md,thread-pool-exhaustion.md,thread-pool-exhaustion.md,kafka-consumer-lag.md,thread-pool-exhaustion.md,thread-pool-exhaustion.md,thread-pool-exhaustion.md,thread-pool-exhaustion.md,kafka-consumer-lag.md,thread-pool-exhaustion.md,mysql-slow-query.md,mysql-slow-query.md,mysql-slow-query.md,mysql-slow-query.md	777f56be5a5ad7e211fc5248bbfec8703690a8d3c7ce085ed92e32035dfd44c7,d6e7d9a9ef64e301e7875fb4b17921e6dbd033f23ea53d424c2a94e4a710dbd8,eedc368fe4c73bbf596f887f1ebda7254673a19d3567cb1384014098d6160c22,3a68b91a2dd18c3d0b72dbaa27c133e0f02ad064bd8b828b89d53902e20ad214,205cf5078583c5d03efa084da7e227abbaa9139444d5f7720e1e74f40e7244bd,e9afb755de33c52c6718454b60c892fc1e13054359d816a6a29e450f9e1399fe,80ea04bfe5af4b02ddd52dfc87886771db9c2127bd10ef4083cbc85a0762afa6,a860345a5c3aeb9902cbb01e628adc1e1057c2351d61e3304a9ded3ed568fed5,653ee6a2763bfb6d9faad3b6f0a603bcff19c6b6386bd19a76666f2cd509a2fb,99697f4e520ba733252505cfa37313c6f2dd8f1649939561e694d40f623445b0,fe642594379bd01453a34dac80c93cbbc31cbbf3cfd25542589d4ecc3933ded1,eeac4bf4cc9e2d839aa85971bffc398b53ef73cbdb9dd9c7f6fc0aa6eda64f62,cc5f72b52750078c8a8f1fd8635f9dfd01a06e7e4f28bb3f6abd3301a56d7d27,c86342a1f8fead74f25a1e264047806659d491e909435742516de2b9d333f24a,feeb63b6d9784b7c4377a01e6be53fd810b4763166083e3e4e18d22af53ecf57,d534bfed6ffacdcf5d3badcb333a800a21fe3d0e7f0655969b8ed03a90043c8e,4a31790f549d324205cb9fa1582f71eae4aa7eccb463d245b34231fd5dcb7969,f9bea5a3f6b04e23d7e33d676283bc857aa167d96205969a379a7ce5d65c348d,21446f391a537a431b6196884dbb84a7918fa8f77198b70240cbbcf6efc3cc0f,f6f412737de4e8a225d1de70f67a706f7cb0d06868b364500dc7bebe03cbb132
D03	dev	cross-component	HYBRID	0.0	业务线程池阻塞后 Kafka 消费积压上升	kafka-consumer-lag.md,thread-pool-exhaustion.md	24.8420	0.5247	25.3667	0.5000	1.0000	1.0000	1	thread-pool-exhaustion.md,kafka-consumer-lag.md,kafka-consumer-lag.md,kafka-consumer-lag.md,kafka-consumer-lag.md,kafka-consumer-lag.md,kafka-consumer-lag.md,mysql-slow-query.md,thread-pool-exhaustion.md,thread-pool-exhaustion.md,thread-pool-exhaustion.md,kafka-consumer-lag.md,mysql-slow-query.md,kafka-consumer-lag.md,thread-pool-exhaustion.md,thread-pool-exhaustion.md,thread-pool-exhaustion.md,thread-pool-exhaustion.md,mysql-slow-query.md,mysql-slow-query.md	777f56be5a5ad7e211fc5248bbfec8703690a8d3c7ce085ed92e32035dfd44c7,d6e7d9a9ef64e301e7875fb4b17921e6dbd033f23ea53d424c2a94e4a710dbd8,80ea04bfe5af4b02ddd52dfc87886771db9c2127bd10ef4083cbc85a0762afa6,eedc368fe4c73bbf596f887f1ebda7254673a19d3567cb1384014098d6160c22,205cf5078583c5d03efa084da7e227abbaa9139444d5f7720e1e74f40e7244bd,3a68b91a2dd18c3d0b72dbaa27c133e0f02ad064bd8b828b89d53902e20ad214,e9afb755de33c52c6718454b60c892fc1e13054359d816a6a29e450f9e1399fe,4a31790f549d324205cb9fa1582f71eae4aa7eccb463d245b34231fd5dcb7969,a860345a5c3aeb9902cbb01e628adc1e1057c2351d61e3304a9ded3ed568fed5,c86342a1f8fead74f25a1e264047806659d491e909435742516de2b9d333f24a,653ee6a2763bfb6d9faad3b6f0a603bcff19c6b6386bd19a76666f2cd509a2fb,feeb63b6d9784b7c4377a01e6be53fd810b4763166083e3e4e18d22af53ecf57,f9bea5a3f6b04e23d7e33d676283bc857aa167d96205969a379a7ce5d65c348d,99697f4e520ba733252505cfa37313c6f2dd8f1649939561e694d40f623445b0,fe642594379bd01453a34dac80c93cbbc31cbbf3cfd25542589d4ecc3933ded1,d534bfed6ffacdcf5d3badcb333a800a21fe3d0e7f0655969b8ed03a90043c8e,eeac4bf4cc9e2d839aa85971bffc398b53ef73cbdb9dd9c7f6fc0aa6eda64f62,cc5f72b52750078c8a8f1fd8635f9dfd01a06e7e4f28bb3f6abd3301a56d7d27,21446f391a537a431b6196884dbb84a7918fa8f77198b70240cbbcf6efc3cc0f,f6f412737de4e8a225d1de70f67a706f7cb0d06868b364500dc7bebe03cbb132
D03	dev	cross-component	HYBRID_RERANK	0.0	业务线程池阻塞后 Kafka 消费积压上升	kafka-consumer-lag.md,thread-pool-exhaustion.md	24.8420	0.9598	25.8018	0.5000	1.0000	1.0000	1	thread-pool-exhaustion.md,kafka-consumer-lag.md,kafka-consumer-lag.md,kafka-consumer-lag.md,mysql-slow-query.md,kafka-consumer-lag.md,kafka-consumer-lag.md,thread-pool-exhaustion.md,thread-pool-exhaustion.md,thread-pool-exhaustion.md,thread-pool-exhaustion.md,thread-pool-exhaustion.md,thread-pool-exhaustion.md,thread-pool-exhaustion.md,mysql-slow-query.md,kafka-consumer-lag.md,kafka-consumer-lag.md,kafka-consumer-lag.md,mysql-slow-query.md,mysql-slow-query.md	777f56be5a5ad7e211fc5248bbfec8703690a8d3c7ce085ed92e32035dfd44c7,80ea04bfe5af4b02ddd52dfc87886771db9c2127bd10ef4083cbc85a0762afa6,205cf5078583c5d03efa084da7e227abbaa9139444d5f7720e1e74f40e7244bd,d6e7d9a9ef64e301e7875fb4b17921e6dbd033f23ea53d424c2a94e4a710dbd8,4a31790f549d324205cb9fa1582f71eae4aa7eccb463d245b34231fd5dcb7969,eedc368fe4c73bbf596f887f1ebda7254673a19d3567cb1384014098d6160c22,e9afb755de33c52c6718454b60c892fc1e13054359d816a6a29e450f9e1399fe,a860345a5c3aeb9902cbb01e628adc1e1057c2351d61e3304a9ded3ed568fed5,c86342a1f8fead74f25a1e264047806659d491e909435742516de2b9d333f24a,653ee6a2763bfb6d9faad3b6f0a603bcff19c6b6386bd19a76666f2cd509a2fb,fe642594379bd01453a34dac80c93cbbc31cbbf3cfd25542589d4ecc3933ded1,d534bfed6ffacdcf5d3badcb333a800a21fe3d0e7f0655969b8ed03a90043c8e,eeac4bf4cc9e2d839aa85971bffc398b53ef73cbdb9dd9c7f6fc0aa6eda64f62,cc5f72b52750078c8a8f1fd8635f9dfd01a06e7e4f28bb3f6abd3301a56d7d27,f9bea5a3f6b04e23d7e33d676283bc857aa167d96205969a379a7ce5d65c348d,feeb63b6d9784b7c4377a01e6be53fd810b4763166083e3e4e18d22af53ecf57,3a68b91a2dd18c3d0b72dbaa27c133e0f02ad064bd8b828b89d53902e20ad214,99697f4e520ba733252505cfa37313c6f2dd8f1649939561e694d40f623445b0,21446f391a537a431b6196884dbb84a7918fa8f77198b70240cbbcf6efc3cc0f,f6f412737de4e8a225d1de70f67a706f7cb0d06868b364500dc7bebe03cbb132
D03	dev	cross-component	VECTOR	0.47	业务线程池阻塞后 Kafka 消费积压上升	kafka-consumer-lag.md,thread-pool-exhaustion.md	24.8420	0.0120	24.8540	0.5000	1.0000	1.0000	1	thread-pool-exhaustion.md,kafka-consumer-lag.md,kafka-consumer-lag.md,kafka-consumer-lag.md,kafka-consumer-lag.md,kafka-consumer-lag.md,kafka-consumer-lag.md,thread-pool-exhaustion.md,thread-pool-exhaustion.md,kafka-consumer-lag.md,thread-pool-exhaustion.md,thread-pool-exhaustion.md,thread-pool-exhaustion.md,thread-pool-exhaustion.md,kafka-consumer-lag.md,thread-pool-exhaustion.md,mysql-slow-query.md,mysql-slow-query.md,mysql-slow-query.md,mysql-slow-query.md	777f56be5a5ad7e211fc5248bbfec8703690a8d3c7ce085ed92e32035dfd44c7,d6e7d9a9ef64e301e7875fb4b17921e6dbd033f23ea53d424c2a94e4a710dbd8,eedc368fe4c73bbf596f887f1ebda7254673a19d3567cb1384014098d6160c22,3a68b91a2dd18c3d0b72dbaa27c133e0f02ad064bd8b828b89d53902e20ad214,205cf5078583c5d03efa084da7e227abbaa9139444d5f7720e1e74f40e7244bd,e9afb755de33c52c6718454b60c892fc1e13054359d816a6a29e450f9e1399fe,80ea04bfe5af4b02ddd52dfc87886771db9c2127bd10ef4083cbc85a0762afa6,a860345a5c3aeb9902cbb01e628adc1e1057c2351d61e3304a9ded3ed568fed5,653ee6a2763bfb6d9faad3b6f0a603bcff19c6b6386bd19a76666f2cd509a2fb,99697f4e520ba733252505cfa37313c6f2dd8f1649939561e694d40f623445b0,fe642594379bd01453a34dac80c93cbbc31cbbf3cfd25542589d4ecc3933ded1,eeac4bf4cc9e2d839aa85971bffc398b53ef73cbdb9dd9c7f6fc0aa6eda64f62,cc5f72b52750078c8a8f1fd8635f9dfd01a06e7e4f28bb3f6abd3301a56d7d27,c86342a1f8fead74f25a1e264047806659d491e909435742516de2b9d333f24a,feeb63b6d9784b7c4377a01e6be53fd810b4763166083e3e4e18d22af53ecf57,d534bfed6ffacdcf5d3badcb333a800a21fe3d0e7f0655969b8ed03a90043c8e,4a31790f549d324205cb9fa1582f71eae4aa7eccb463d245b34231fd5dcb7969,f9bea5a3f6b04e23d7e33d676283bc857aa167d96205969a379a7ce5d65c348d,21446f391a537a431b6196884dbb84a7918fa8f77198b70240cbbcf6efc3cc0f,f6f412737de4e8a225d1de70f67a706f7cb0d06868b364500dc7bebe03cbb132
D03	dev	cross-component	HYBRID	0.47	业务线程池阻塞后 Kafka 消费积压上升	kafka-consumer-lag.md,thread-pool-exhaustion.md	24.8420	0.4418	25.2838	0.5000	1.0000	1.0000	1	thread-pool-exhaustion.md,kafka-consumer-lag.md,kafka-consumer-lag.md,kafka-consumer-lag.md,kafka-consumer-lag.md,kafka-consumer-lag.md,kafka-consumer-lag.md,mysql-slow-query.md,thread-pool-exhaustion.md,thread-pool-exhaustion.md,thread-pool-exhaustion.md,kafka-consumer-lag.md,mysql-slow-query.md,kafka-consumer-lag.md,thread-pool-exhaustion.md,thread-pool-exhaustion.md,thread-pool-exhaustion.md,thread-pool-exhaustion.md,mysql-slow-query.md,mysql-slow-query.md	777f56be5a5ad7e211fc5248bbfec8703690a8d3c7ce085ed92e32035dfd44c7,d6e7d9a9ef64e301e7875fb4b17921e6dbd033f23ea53d424c2a94e4a710dbd8,80ea04bfe5af4b02ddd52dfc87886771db9c2127bd10ef4083cbc85a0762afa6,eedc368fe4c73bbf596f887f1ebda7254673a19d3567cb1384014098d6160c22,205cf5078583c5d03efa084da7e227abbaa9139444d5f7720e1e74f40e7244bd,3a68b91a2dd18c3d0b72dbaa27c133e0f02ad064bd8b828b89d53902e20ad214,e9afb755de33c52c6718454b60c892fc1e13054359d816a6a29e450f9e1399fe,4a31790f549d324205cb9fa1582f71eae4aa7eccb463d245b34231fd5dcb7969,a860345a5c3aeb9902cbb01e628adc1e1057c2351d61e3304a9ded3ed568fed5,c86342a1f8fead74f25a1e264047806659d491e909435742516de2b9d333f24a,653ee6a2763bfb6d9faad3b6f0a603bcff19c6b6386bd19a76666f2cd509a2fb,feeb63b6d9784b7c4377a01e6be53fd810b4763166083e3e4e18d22af53ecf57,f9bea5a3f6b04e23d7e33d676283bc857aa167d96205969a379a7ce5d65c348d,99697f4e520ba733252505cfa37313c6f2dd8f1649939561e694d40f623445b0,fe642594379bd01453a34dac80c93cbbc31cbbf3cfd25542589d4ecc3933ded1,d534bfed6ffacdcf5d3badcb333a800a21fe3d0e7f0655969b8ed03a90043c8e,eeac4bf4cc9e2d839aa85971bffc398b53ef73cbdb9dd9c7f6fc0aa6eda64f62,cc5f72b52750078c8a8f1fd8635f9dfd01a06e7e4f28bb3f6abd3301a56d7d27,21446f391a537a431b6196884dbb84a7918fa8f77198b70240cbbcf6efc3cc0f,f6f412737de4e8a225d1de70f67a706f7cb0d06868b364500dc7bebe03cbb132
D03	dev	cross-component	HYBRID_RERANK	0.47	业务线程池阻塞后 Kafka 消费积压上升	kafka-consumer-lag.md,thread-pool-exhaustion.md	24.8420	0.9403	25.7823	0.5000	1.0000	1.0000	1	thread-pool-exhaustion.md,kafka-consumer-lag.md,kafka-consumer-lag.md,kafka-consumer-lag.md,mysql-slow-query.md,kafka-consumer-lag.md,kafka-consumer-lag.md,thread-pool-exhaustion.md,thread-pool-exhaustion.md,thread-pool-exhaustion.md,thread-pool-exhaustion.md,thread-pool-exhaustion.md,thread-pool-exhaustion.md,thread-pool-exhaustion.md,mysql-slow-query.md,kafka-consumer-lag.md,kafka-consumer-lag.md,kafka-consumer-lag.md,mysql-slow-query.md,mysql-slow-query.md	777f56be5a5ad7e211fc5248bbfec8703690a8d3c7ce085ed92e32035dfd44c7,80ea04bfe5af4b02ddd52dfc87886771db9c2127bd10ef4083cbc85a0762afa6,205cf5078583c5d03efa084da7e227abbaa9139444d5f7720e1e74f40e7244bd,d6e7d9a9ef64e301e7875fb4b17921e6dbd033f23ea53d424c2a94e4a710dbd8,4a31790f549d324205cb9fa1582f71eae4aa7eccb463d245b34231fd5dcb7969,eedc368fe4c73bbf596f887f1ebda7254673a19d3567cb1384014098d6160c22,e9afb755de33c52c6718454b60c892fc1e13054359d816a6a29e450f9e1399fe,a860345a5c3aeb9902cbb01e628adc1e1057c2351d61e3304a9ded3ed568fed5,c86342a1f8fead74f25a1e264047806659d491e909435742516de2b9d333f24a,653ee6a2763bfb6d9faad3b6f0a603bcff19c6b6386bd19a76666f2cd509a2fb,fe642594379bd01453a34dac80c93cbbc31cbbf3cfd25542589d4ecc3933ded1,d534bfed6ffacdcf5d3badcb333a800a21fe3d0e7f0655969b8ed03a90043c8e,eeac4bf4cc9e2d839aa85971bffc398b53ef73cbdb9dd9c7f6fc0aa6eda64f62,cc5f72b52750078c8a8f1fd8635f9dfd01a06e7e4f28bb3f6abd3301a56d7d27,f9bea5a3f6b04e23d7e33d676283bc857aa167d96205969a379a7ce5d65c348d,feeb63b6d9784b7c4377a01e6be53fd810b4763166083e3e4e18d22af53ecf57,3a68b91a2dd18c3d0b72dbaa27c133e0f02ad064bd8b828b89d53902e20ad214,99697f4e520ba733252505cfa37313c6f2dd8f1649939561e694d40f623445b0,21446f391a537a431b6196884dbb84a7918fa8f77198b70240cbbcf6efc3cc0f,f6f412737de4e8a225d1de70f67a706f7cb0d06868b364500dc7bebe03cbb132
D04	dev	paraphrase	VECTOR	0.0	消息进入速度大于处理速度，消费组落后越来越多	kafka-consumer-lag.md	25.2442	0.0245	25.2687	1.0000	1.0000	1.0000	1	kafka-consumer-lag.md,kafka-consumer-lag.md,kafka-consumer-lag.md,thread-pool-exhaustion.md,kafka-consumer-lag.md,kafka-consumer-lag.md,kafka-consumer-lag.md,kafka-consumer-lag.md,mysql-slow-query.md,mysql-slow-query.md,mysql-slow-query.md,thread-pool-exhaustion.md,kafka-consumer-lag.md,thread-pool-exhaustion.md,thread-pool-exhaustion.md,thread-pool-exhaustion.md,mysql-slow-query.md,thread-pool-exhaustion.md,thread-pool-exhaustion.md,mysql-slow-query.md	205cf5078583c5d03efa084da7e227abbaa9139444d5f7720e1e74f40e7244bd,3a68b91a2dd18c3d0b72dbaa27c133e0f02ad064bd8b828b89d53902e20ad214,eedc368fe4c73bbf596f887f1ebda7254673a19d3567cb1384014098d6160c22,777f56be5a5ad7e211fc5248bbfec8703690a8d3c7ce085ed92e32035dfd44c7,99697f4e520ba733252505cfa37313c6f2dd8f1649939561e694d40f623445b0,d6e7d9a9ef64e301e7875fb4b17921e6dbd033f23ea53d424c2a94e4a710dbd8,feeb63b6d9784b7c4377a01e6be53fd810b4763166083e3e4e18d22af53ecf57,e9afb755de33c52c6718454b60c892fc1e13054359d816a6a29e450f9e1399fe,f6f412737de4e8a225d1de70f67a706f7cb0d06868b364500dc7bebe03cbb132,21446f391a537a431b6196884dbb84a7918fa8f77198b70240cbbcf6efc3cc0f,4a31790f549d324205cb9fa1582f71eae4aa7eccb463d245b34231fd5dcb7969,a860345a5c3aeb9902cbb01e628adc1e1057c2351d61e3304a9ded3ed568fed5,80ea04bfe5af4b02ddd52dfc87886771db9c2127bd10ef4083cbc85a0762afa6,c86342a1f8fead74f25a1e264047806659d491e909435742516de2b9d333f24a,fe642594379bd01453a34dac80c93cbbc31cbbf3cfd25542589d4ecc3933ded1,653ee6a2763bfb6d9faad3b6f0a603bcff19c6b6386bd19a76666f2cd509a2fb,f9bea5a3f6b04e23d7e33d676283bc857aa167d96205969a379a7ce5d65c348d,eeac4bf4cc9e2d839aa85971bffc398b53ef73cbdb9dd9c7f6fc0aa6eda64f62,cc5f72b52750078c8a8f1fd8635f9dfd01a06e7e4f28bb3f6abd3301a56d7d27,9a1142c566e8e08896932ef6d4a8c14f780d8cbbcb11b1678101115aa8d45789
D04	dev	paraphrase	HYBRID	0.0	消息进入速度大于处理速度，消费组落后越来越多	kafka-consumer-lag.md	25.2442	0.4001	25.6443	1.0000	1.0000	1.0000	1	kafka-consumer-lag.md,thread-pool-exhaustion.md,kafka-consumer-lag.md,kafka-consumer-lag.md,kafka-consumer-lag.md,kafka-consumer-lag.md,kafka-consumer-lag.md,kafka-consumer-lag.md,thread-pool-exhaustion.md,mysql-slow-query.md,kafka-consumer-lag.md,mysql-slow-query.md,thread-pool-exhaustion.md,thread-pool-exhaustion.md,thread-pool-exhaustion.md,mysql-slow-query.md,mysql-slow-query.md,thread-pool-exhaustion.md,thread-pool-exhaustion.md,mysql-slow-query.md	205cf5078583c5d03efa084da7e227abbaa9139444d5f7720e1e74f40e7244bd,777f56be5a5ad7e211fc5248bbfec8703690a8d3c7ce085ed92e32035dfd44c7,3a68b91a2dd18c3d0b72dbaa27c133e0f02ad064bd8b828b89d53902e20ad214,eedc368fe4c73bbf596f887f1ebda7254673a19d3567cb1384014098d6160c22,d6e7d9a9ef64e301e7875fb4b17921e6dbd033f23ea53d424c2a94e4a710dbd8,feeb63b6d9784b7c4377a01e6be53fd810b4763166083e3e4e18d22af53ecf57,e9afb755de33c52c6718454b60c892fc1e13054359d816a6a29e450f9e1399fe,99697f4e520ba733252505cfa37313c6f2dd8f1649939561e694d40f623445b0,fe642594379bd01453a34dac80c93cbbc31cbbf3cfd25542589d4ecc3933ded1,21446f391a537a431b6196884dbb84a7918fa8f77198b70240cbbcf6efc3cc0f,80ea04bfe5af4b02ddd52dfc87886771db9c2127bd10ef4083cbc85a0762afa6,4a31790f549d324205cb9fa1582f71eae4aa7eccb463d245b34231fd5dcb7969,a860345a5c3aeb9902cbb01e628adc1e1057c2351d61e3304a9ded3ed568fed5,c86342a1f8fead74f25a1e264047806659d491e909435742516de2b9d333f24a,653ee6a2763bfb6d9faad3b6f0a603bcff19c6b6386bd19a76666f2cd509a2fb,f6f412737de4e8a225d1de70f67a706f7cb0d06868b364500dc7bebe03cbb132,f9bea5a3f6b04e23d7e33d676283bc857aa167d96205969a379a7ce5d65c348d,eeac4bf4cc9e2d839aa85971bffc398b53ef73cbdb9dd9c7f6fc0aa6eda64f62,cc5f72b52750078c8a8f1fd8635f9dfd01a06e7e4f28bb3f6abd3301a56d7d27,9a1142c566e8e08896932ef6d4a8c14f780d8cbbcb11b1678101115aa8d45789
D04	dev	paraphrase	HYBRID_RERANK	0.0	消息进入速度大于处理速度，消费组落后越来越多	kafka-consumer-lag.md	25.2442	0.8773	26.1215	1.0000	1.0000	1.0000	1	kafka-consumer-lag.md,thread-pool-exhaustion.md,thread-pool-exhaustion.md,kafka-consumer-lag.md,kafka-consumer-lag.md,kafka-consumer-lag.md,kafka-consumer-lag.md,mysql-slow-query.md,kafka-consumer-lag.md,thread-pool-exhaustion.md,kafka-consumer-lag.md,kafka-consumer-lag.md,mysql-slow-query.md,thread-pool-exhaustion.md,thread-pool-exhaustion.md,mysql-slow-query.md,mysql-slow-query.md,thread-pool-exhaustion.md,thread-pool-exhaustion.md,mysql-slow-query.md	205cf5078583c5d03efa084da7e227abbaa9139444d5f7720e1e74f40e7244bd,fe642594379bd01453a34dac80c93cbbc31cbbf3cfd25542589d4ecc3933ded1,777f56be5a5ad7e211fc5248bbfec8703690a8d3c7ce085ed92e32035dfd44c7,3a68b91a2dd18c3d0b72dbaa27c133e0f02ad064bd8b828b89d53902e20ad214,eedc368fe4c73bbf596f887f1ebda7254673a19d3567cb1384014098d6160c22,d6e7d9a9ef64e301e7875fb4b17921e6dbd033f23ea53d424c2a94e4a710dbd8,feeb63b6d9784b7c4377a01e6be53fd810b4763166083e3e4e18d22af53ecf57,21446f391a537a431b6196884dbb84a7918fa8f77198b70240cbbcf6efc3cc0f,80ea04bfe5af4b02ddd52dfc87886771db9c2127bd10ef4083cbc85a0762afa6,a860345a5c3aeb9902cbb01e628adc1e1057c2351d61e3304a9ded3ed568fed5,e9afb755de33c52c6718454b60c892fc1e13054359d816a6a29e450f9e1399fe,99697f4e520ba733252505cfa37313c6f2dd8f1649939561e694d40f623445b0,4a31790f549d324205cb9fa1582f71eae4aa7eccb463d245b34231fd5dcb7969,c86342a1f8fead74f25a1e264047806659d491e909435742516de2b9d333f24a,653ee6a2763bfb6d9faad3b6f0a603bcff19c6b6386bd19a76666f2cd509a2fb,f6f412737de4e8a225d1de70f67a706f7cb0d06868b364500dc7bebe03cbb132,f9bea5a3f6b04e23d7e33d676283bc857aa167d96205969a379a7ce5d65c348d,eeac4bf4cc9e2d839aa85971bffc398b53ef73cbdb9dd9c7f6fc0aa6eda64f62,cc5f72b52750078c8a8f1fd8635f9dfd01a06e7e4f28bb3f6abd3301a56d7d27,9a1142c566e8e08896932ef6d4a8c14f780d8cbbcb11b1678101115aa8d45789
D04	dev	paraphrase	VECTOR	0.47	消息进入速度大于处理速度，消费组落后越来越多	kafka-consumer-lag.md	25.2442	0.0107	25.2549	1.0000	1.0000	1.0000	1	kafka-consumer-lag.md,kafka-consumer-lag.md,kafka-consumer-lag.md,thread-pool-exhaustion.md,kafka-consumer-lag.md,kafka-consumer-lag.md,kafka-consumer-lag.md,kafka-consumer-lag.md,mysql-slow-query.md,mysql-slow-query.md,mysql-slow-query.md,thread-pool-exhaustion.md,kafka-consumer-lag.md,thread-pool-exhaustion.md,thread-pool-exhaustion.md,thread-pool-exhaustion.md,mysql-slow-query.md,thread-pool-exhaustion.md,thread-pool-exhaustion.md,mysql-slow-query.md	205cf5078583c5d03efa084da7e227abbaa9139444d5f7720e1e74f40e7244bd,3a68b91a2dd18c3d0b72dbaa27c133e0f02ad064bd8b828b89d53902e20ad214,eedc368fe4c73bbf596f887f1ebda7254673a19d3567cb1384014098d6160c22,777f56be5a5ad7e211fc5248bbfec8703690a8d3c7ce085ed92e32035dfd44c7,99697f4e520ba733252505cfa37313c6f2dd8f1649939561e694d40f623445b0,d6e7d9a9ef64e301e7875fb4b17921e6dbd033f23ea53d424c2a94e4a710dbd8,feeb63b6d9784b7c4377a01e6be53fd810b4763166083e3e4e18d22af53ecf57,e9afb755de33c52c6718454b60c892fc1e13054359d816a6a29e450f9e1399fe,f6f412737de4e8a225d1de70f67a706f7cb0d06868b364500dc7bebe03cbb132,21446f391a537a431b6196884dbb84a7918fa8f77198b70240cbbcf6efc3cc0f,4a31790f549d324205cb9fa1582f71eae4aa7eccb463d245b34231fd5dcb7969,a860345a5c3aeb9902cbb01e628adc1e1057c2351d61e3304a9ded3ed568fed5,80ea04bfe5af4b02ddd52dfc87886771db9c2127bd10ef4083cbc85a0762afa6,c86342a1f8fead74f25a1e264047806659d491e909435742516de2b9d333f24a,fe642594379bd01453a34dac80c93cbbc31cbbf3cfd25542589d4ecc3933ded1,653ee6a2763bfb6d9faad3b6f0a603bcff19c6b6386bd19a76666f2cd509a2fb,f9bea5a3f6b04e23d7e33d676283bc857aa167d96205969a379a7ce5d65c348d,eeac4bf4cc9e2d839aa85971bffc398b53ef73cbdb9dd9c7f6fc0aa6eda64f62,cc5f72b52750078c8a8f1fd8635f9dfd01a06e7e4f28bb3f6abd3301a56d7d27,9a1142c566e8e08896932ef6d4a8c14f780d8cbbcb11b1678101115aa8d45789
D04	dev	paraphrase	HYBRID	0.47	消息进入速度大于处理速度，消费组落后越来越多	kafka-consumer-lag.md	25.2442	0.3839	25.6281	1.0000	1.0000	1.0000	1	kafka-consumer-lag.md,thread-pool-exhaustion.md,kafka-consumer-lag.md,kafka-consumer-lag.md,kafka-consumer-lag.md,kafka-consumer-lag.md,kafka-consumer-lag.md,kafka-consumer-lag.md,thread-pool-exhaustion.md,mysql-slow-query.md,kafka-consumer-lag.md,mysql-slow-query.md,thread-pool-exhaustion.md,thread-pool-exhaustion.md,thread-pool-exhaustion.md,mysql-slow-query.md,mysql-slow-query.md,thread-pool-exhaustion.md,thread-pool-exhaustion.md,mysql-slow-query.md	205cf5078583c5d03efa084da7e227abbaa9139444d5f7720e1e74f40e7244bd,777f56be5a5ad7e211fc5248bbfec8703690a8d3c7ce085ed92e32035dfd44c7,3a68b91a2dd18c3d0b72dbaa27c133e0f02ad064bd8b828b89d53902e20ad214,eedc368fe4c73bbf596f887f1ebda7254673a19d3567cb1384014098d6160c22,d6e7d9a9ef64e301e7875fb4b17921e6dbd033f23ea53d424c2a94e4a710dbd8,feeb63b6d9784b7c4377a01e6be53fd810b4763166083e3e4e18d22af53ecf57,e9afb755de33c52c6718454b60c892fc1e13054359d816a6a29e450f9e1399fe,99697f4e520ba733252505cfa37313c6f2dd8f1649939561e694d40f623445b0,fe642594379bd01453a34dac80c93cbbc31cbbf3cfd25542589d4ecc3933ded1,21446f391a537a431b6196884dbb84a7918fa8f77198b70240cbbcf6efc3cc0f,80ea04bfe5af4b02ddd52dfc87886771db9c2127bd10ef4083cbc85a0762afa6,4a31790f549d324205cb9fa1582f71eae4aa7eccb463d245b34231fd5dcb7969,a860345a5c3aeb9902cbb01e628adc1e1057c2351d61e3304a9ded3ed568fed5,c86342a1f8fead74f25a1e264047806659d491e909435742516de2b9d333f24a,653ee6a2763bfb6d9faad3b6f0a603bcff19c6b6386bd19a76666f2cd509a2fb,f6f412737de4e8a225d1de70f67a706f7cb0d06868b364500dc7bebe03cbb132,f9bea5a3f6b04e23d7e33d676283bc857aa167d96205969a379a7ce5d65c348d,eeac4bf4cc9e2d839aa85971bffc398b53ef73cbdb9dd9c7f6fc0aa6eda64f62,cc5f72b52750078c8a8f1fd8635f9dfd01a06e7e4f28bb3f6abd3301a56d7d27,9a1142c566e8e08896932ef6d4a8c14f780d8cbbcb11b1678101115aa8d45789
D04	dev	paraphrase	HYBRID_RERANK	0.47	消息进入速度大于处理速度，消费组落后越来越多	kafka-consumer-lag.md	25.2442	0.8803	26.1245	1.0000	1.0000	1.0000	1	kafka-consumer-lag.md,thread-pool-exhaustion.md,thread-pool-exhaustion.md,kafka-consumer-lag.md,kafka-consumer-lag.md,kafka-consumer-lag.md,kafka-consumer-lag.md,mysql-slow-query.md,kafka-consumer-lag.md,thread-pool-exhaustion.md,kafka-consumer-lag.md,kafka-consumer-lag.md,mysql-slow-query.md,thread-pool-exhaustion.md,thread-pool-exhaustion.md,mysql-slow-query.md,mysql-slow-query.md,thread-pool-exhaustion.md,thread-pool-exhaustion.md,mysql-slow-query.md	205cf5078583c5d03efa084da7e227abbaa9139444d5f7720e1e74f40e7244bd,fe642594379bd01453a34dac80c93cbbc31cbbf3cfd25542589d4ecc3933ded1,777f56be5a5ad7e211fc5248bbfec8703690a8d3c7ce085ed92e32035dfd44c7,3a68b91a2dd18c3d0b72dbaa27c133e0f02ad064bd8b828b89d53902e20ad214,eedc368fe4c73bbf596f887f1ebda7254673a19d3567cb1384014098d6160c22,d6e7d9a9ef64e301e7875fb4b17921e6dbd033f23ea53d424c2a94e4a710dbd8,feeb63b6d9784b7c4377a01e6be53fd810b4763166083e3e4e18d22af53ecf57,21446f391a537a431b6196884dbb84a7918fa8f77198b70240cbbcf6efc3cc0f,80ea04bfe5af4b02ddd52dfc87886771db9c2127bd10ef4083cbc85a0762afa6,a860345a5c3aeb9902cbb01e628adc1e1057c2351d61e3304a9ded3ed568fed5,e9afb755de33c52c6718454b60c892fc1e13054359d816a6a29e450f9e1399fe,99697f4e520ba733252505cfa37313c6f2dd8f1649939561e694d40f623445b0,4a31790f549d324205cb9fa1582f71eae4aa7eccb463d245b34231fd5dcb7969,c86342a1f8fead74f25a1e264047806659d491e909435742516de2b9d333f24a,653ee6a2763bfb6d9faad3b6f0a603bcff19c6b6386bd19a76666f2cd509a2fb,f6f412737de4e8a225d1de70f67a706f7cb0d06868b364500dc7bebe03cbb132,f9bea5a3f6b04e23d7e33d676283bc857aa167d96205969a379a7ce5d65c348d,eeac4bf4cc9e2d839aa85971bffc398b53ef73cbdb9dd9c7f6fc0aa6eda64f62,cc5f72b52750078c8a8f1fd8635f9dfd01a06e7e4f28bb3f6abd3301a56d7d27,9a1142c566e8e08896932ef6d4a8c14f780d8cbbcb11b1678101115aa8d45789
D05	dev	technical	VECTOR	0.0	Consumer 比 Partition 多仍能提高吞吐吗	kafka-consumer-lag.md	25.1722	0.0231	25.1953	1.0000	1.0000	1.0000	1	kafka-consumer-lag.md,kafka-consumer-lag.md,thread-pool-exhaustion.md,kafka-consumer-lag.md,kafka-consumer-lag.md,kafka-consumer-lag.md,kafka-consumer-lag.md,kafka-consumer-lag.md,kafka-consumer-lag.md,thread-pool-exhaustion.md,thread-pool-exhaustion.md,mysql-slow-query.md,mysql-slow-query.md,thread-pool-exhaustion.md,mysql-slow-query.md,thread-pool-exhaustion.md,thread-pool-exhaustion.md,thread-pool-exhaustion.md,mysql-slow-query.md,thread-pool-exhaustion.md	99697f4e520ba733252505cfa37313c6f2dd8f1649939561e694d40f623445b0,3a68b91a2dd18c3d0b72dbaa27c133e0f02ad064bd8b828b89d53902e20ad214,777f56be5a5ad7e211fc5248bbfec8703690a8d3c7ce085ed92e32035dfd44c7,feeb63b6d9784b7c4377a01e6be53fd810b4763166083e3e4e18d22af53ecf57,205cf5078583c5d03efa084da7e227abbaa9139444d5f7720e1e74f40e7244bd,d6e7d9a9ef64e301e7875fb4b17921e6dbd033f23ea53d424c2a94e4a710dbd8,eedc368fe4c73bbf596f887f1ebda7254673a19d3567cb1384014098d6160c22,e9afb755de33c52c6718454b60c892fc1e13054359d816a6a29e450f9e1399fe,80ea04bfe5af4b02ddd52dfc87886771db9c2127bd10ef4083cbc85a0762afa6,a860345a5c3aeb9902cbb01e628adc1e1057c2351d61e3304a9ded3ed568fed5,eeac4bf4cc9e2d839aa85971bffc398b53ef73cbdb9dd9c7f6fc0aa6eda64f62,4a31790f549d324205cb9fa1582f71eae4aa7eccb463d245b34231fd5dcb7969,21446f391a537a431b6196884dbb84a7918fa8f77198b70240cbbcf6efc3cc0f,d534bfed6ffacdcf5d3badcb333a800a21fe3d0e7f0655969b8ed03a90043c8e,f6f412737de4e8a225d1de70f67a706f7cb0d06868b364500dc7bebe03cbb132,c86342a1f8fead74f25a1e264047806659d491e909435742516de2b9d333f24a,fe642594379bd01453a34dac80c93cbbc31cbbf3cfd25542589d4ecc3933ded1,cc5f72b52750078c8a8f1fd8635f9dfd01a06e7e4f28bb3f6abd3301a56d7d27,f9bea5a3f6b04e23d7e33d676283bc857aa167d96205969a379a7ce5d65c348d,653ee6a2763bfb6d9faad3b6f0a603bcff19c6b6386bd19a76666f2cd509a2fb
D05	dev	technical	HYBRID	0.0	Consumer 比 Partition 多仍能提高吞吐吗	kafka-consumer-lag.md	25.1722	0.4253	25.5975	1.0000	1.0000	1.0000	1	kafka-consumer-lag.md,kafka-consumer-lag.md,thread-pool-exhaustion.md,kafka-consumer-lag.md,kafka-consumer-lag.md,kafka-consumer-lag.md,kafka-consumer-lag.md,kafka-consumer-lag.md,mysql-slow-query.md,kafka-consumer-lag.md,thread-pool-exhaustion.md,thread-pool-exhaustion.md,thread-pool-exhaustion.md,mysql-slow-query.md,thread-pool-exhaustion.md,mysql-slow-query.md,thread-pool-exhaustion.md,thread-pool-exhaustion.md,mysql-slow-query.md,thread-pool-exhaustion.md	99697f4e520ba733252505cfa37313c6f2dd8f1649939561e694d40f623445b0,3a68b91a2dd18c3d0b72dbaa27c133e0f02ad064bd8b828b89d53902e20ad214,777f56be5a5ad7e211fc5248bbfec8703690a8d3c7ce085ed92e32035dfd44c7,d6e7d9a9ef64e301e7875fb4b17921e6dbd033f23ea53d424c2a94e4a710dbd8,feeb63b6d9784b7c4377a01e6be53fd810b4763166083e3e4e18d22af53ecf57,e9afb755de33c52c6718454b60c892fc1e13054359d816a6a29e450f9e1399fe,205cf5078583c5d03efa084da7e227abbaa9139444d5f7720e1e74f40e7244bd,eedc368fe4c73bbf596f887f1ebda7254673a19d3567cb1384014098d6160c22,4a31790f549d324205cb9fa1582f71eae4aa7eccb463d245b34231fd5dcb7969,80ea04bfe5af4b02ddd52dfc87886771db9c2127bd10ef4083cbc85a0762afa6,cc5f72b52750078c8a8f1fd8635f9dfd01a06e7e4f28bb3f6abd3301a56d7d27,a860345a5c3aeb9902cbb01e628adc1e1057c2351d61e3304a9ded3ed568fed5,eeac4bf4cc9e2d839aa85971bffc398b53ef73cbdb9dd9c7f6fc0aa6eda64f62,21446f391a537a431b6196884dbb84a7918fa8f77198b70240cbbcf6efc3cc0f,d534bfed6ffacdcf5d3badcb333a800a21fe3d0e7f0655969b8ed03a90043c8e,f6f412737de4e8a225d1de70f67a706f7cb0d06868b364500dc7bebe03cbb132,c86342a1f8fead74f25a1e264047806659d491e909435742516de2b9d333f24a,fe642594379bd01453a34dac80c93cbbc31cbbf3cfd25542589d4ecc3933ded1,f9bea5a3f6b04e23d7e33d676283bc857aa167d96205969a379a7ce5d65c348d,653ee6a2763bfb6d9faad3b6f0a603bcff19c6b6386bd19a76666f2cd509a2fb
D05	dev	technical	HYBRID_RERANK	0.0	Consumer 比 Partition 多仍能提高吞吐吗	kafka-consumer-lag.md	25.1722	0.8627	26.0349	1.0000	1.0000	1.0000	1	kafka-consumer-lag.md,kafka-consumer-lag.md,kafka-consumer-lag.md,kafka-consumer-lag.md,thread-pool-exhaustion.md,kafka-consumer-lag.md,kafka-consumer-lag.md,kafka-consumer-lag.md,kafka-consumer-lag.md,mysql-slow-query.md,thread-pool-exhaustion.md,thread-pool-exhaustion.md,thread-pool-exhaustion.md,mysql-slow-query.md,thread-pool-exhaustion.md,mysql-slow-query.md,thread-pool-exhaustion.md,thread-pool-exhaustion.md,mysql-slow-query.md,thread-pool-exhaustion.md	99697f4e520ba733252505cfa37313c6f2dd8f1649939561e694d40f623445b0,3a68b91a2dd18c3d0b72dbaa27c133e0f02ad064bd8b828b89d53902e20ad214,feeb63b6d9784b7c4377a01e6be53fd810b4763166083e3e4e18d22af53ecf57,e9afb755de33c52c6718454b60c892fc1e13054359d816a6a29e450f9e1399fe,777f56be5a5ad7e211fc5248bbfec8703690a8d3c7ce085ed92e32035dfd44c7,d6e7d9a9ef64e301e7875fb4b17921e6dbd033f23ea53d424c2a94e4a710dbd8,205cf5078583c5d03efa084da7e227abbaa9139444d5f7720e1e74f40e7244bd,eedc368fe4c73bbf596f887f1ebda7254673a19d3567cb1384014098d6160c22,80ea04bfe5af4b02ddd52dfc87886771db9c2127bd10ef4083cbc85a0762afa6,4a31790f549d324205cb9fa1582f71eae4aa7eccb463d245b34231fd5dcb7969,cc5f72b52750078c8a8f1fd8635f9dfd01a06e7e4f28bb3f6abd3301a56d7d27,a860345a5c3aeb9902cbb01e628adc1e1057c2351d61e3304a9ded3ed568fed5,eeac4bf4cc9e2d839aa85971bffc398b53ef73cbdb9dd9c7f6fc0aa6eda64f62,21446f391a537a431b6196884dbb84a7918fa8f77198b70240cbbcf6efc3cc0f,d534bfed6ffacdcf5d3badcb333a800a21fe3d0e7f0655969b8ed03a90043c8e,f6f412737de4e8a225d1de70f67a706f7cb0d06868b364500dc7bebe03cbb132,c86342a1f8fead74f25a1e264047806659d491e909435742516de2b9d333f24a,fe642594379bd01453a34dac80c93cbbc31cbbf3cfd25542589d4ecc3933ded1,f9bea5a3f6b04e23d7e33d676283bc857aa167d96205969a379a7ce5d65c348d,653ee6a2763bfb6d9faad3b6f0a603bcff19c6b6386bd19a76666f2cd509a2fb
D05	dev	technical	VECTOR	0.47	Consumer 比 Partition 多仍能提高吞吐吗	kafka-consumer-lag.md	25.1722	0.0097	25.1819	1.0000	1.0000	1.0000	1	kafka-consumer-lag.md,kafka-consumer-lag.md,thread-pool-exhaustion.md,kafka-consumer-lag.md,kafka-consumer-lag.md,kafka-consumer-lag.md,kafka-consumer-lag.md,kafka-consumer-lag.md,kafka-consumer-lag.md,thread-pool-exhaustion.md	99697f4e520ba733252505cfa37313c6f2dd8f1649939561e694d40f623445b0,3a68b91a2dd18c3d0b72dbaa27c133e0f02ad064bd8b828b89d53902e20ad214,777f56be5a5ad7e211fc5248bbfec8703690a8d3c7ce085ed92e32035dfd44c7,feeb63b6d9784b7c4377a01e6be53fd810b4763166083e3e4e18d22af53ecf57,205cf5078583c5d03efa084da7e227abbaa9139444d5f7720e1e74f40e7244bd,d6e7d9a9ef64e301e7875fb4b17921e6dbd033f23ea53d424c2a94e4a710dbd8,eedc368fe4c73bbf596f887f1ebda7254673a19d3567cb1384014098d6160c22,e9afb755de33c52c6718454b60c892fc1e13054359d816a6a29e450f9e1399fe,80ea04bfe5af4b02ddd52dfc87886771db9c2127bd10ef4083cbc85a0762afa6,a860345a5c3aeb9902cbb01e628adc1e1057c2351d61e3304a9ded3ed568fed5
D05	dev	technical	HYBRID	0.47	Consumer 比 Partition 多仍能提高吞吐吗	kafka-consumer-lag.md	25.1722	0.3643	25.5365	1.0000	1.0000	1.0000	1	kafka-consumer-lag.md,kafka-consumer-lag.md,thread-pool-exhaustion.md,kafka-consumer-lag.md,kafka-consumer-lag.md,kafka-consumer-lag.md,kafka-consumer-lag.md,kafka-consumer-lag.md,kafka-consumer-lag.md,thread-pool-exhaustion.md	99697f4e520ba733252505cfa37313c6f2dd8f1649939561e694d40f623445b0,3a68b91a2dd18c3d0b72dbaa27c133e0f02ad064bd8b828b89d53902e20ad214,777f56be5a5ad7e211fc5248bbfec8703690a8d3c7ce085ed92e32035dfd44c7,d6e7d9a9ef64e301e7875fb4b17921e6dbd033f23ea53d424c2a94e4a710dbd8,feeb63b6d9784b7c4377a01e6be53fd810b4763166083e3e4e18d22af53ecf57,e9afb755de33c52c6718454b60c892fc1e13054359d816a6a29e450f9e1399fe,205cf5078583c5d03efa084da7e227abbaa9139444d5f7720e1e74f40e7244bd,eedc368fe4c73bbf596f887f1ebda7254673a19d3567cb1384014098d6160c22,80ea04bfe5af4b02ddd52dfc87886771db9c2127bd10ef4083cbc85a0762afa6,a860345a5c3aeb9902cbb01e628adc1e1057c2351d61e3304a9ded3ed568fed5
D05	dev	technical	HYBRID_RERANK	0.47	Consumer 比 Partition 多仍能提高吞吐吗	kafka-consumer-lag.md	25.1722	0.5974	25.7696	1.0000	1.0000	1.0000	1	kafka-consumer-lag.md,kafka-consumer-lag.md,kafka-consumer-lag.md,kafka-consumer-lag.md,thread-pool-exhaustion.md,kafka-consumer-lag.md,kafka-consumer-lag.md,kafka-consumer-lag.md,kafka-consumer-lag.md,thread-pool-exhaustion.md	99697f4e520ba733252505cfa37313c6f2dd8f1649939561e694d40f623445b0,3a68b91a2dd18c3d0b72dbaa27c133e0f02ad064bd8b828b89d53902e20ad214,feeb63b6d9784b7c4377a01e6be53fd810b4763166083e3e4e18d22af53ecf57,e9afb755de33c52c6718454b60c892fc1e13054359d816a6a29e450f9e1399fe,777f56be5a5ad7e211fc5248bbfec8703690a8d3c7ce085ed92e32035dfd44c7,d6e7d9a9ef64e301e7875fb4b17921e6dbd033f23ea53d424c2a94e4a710dbd8,205cf5078583c5d03efa084da7e227abbaa9139444d5f7720e1e74f40e7244bd,eedc368fe4c73bbf596f887f1ebda7254673a19d3567cb1384014098d6160c22,80ea04bfe5af4b02ddd52dfc87886771db9c2127bd10ef4083cbc85a0762afa6,a860345a5c3aeb9902cbb01e628adc1e1057c2351d61e3304a9ded3ed568fed5
D06	dev	cross-component	VECTOR	0.0	Kafka 消费者扩容会不会压垮下游数据库	kafka-consumer-lag.md,mysql-slow-query.md	25.0153	0.0259	25.0412	0.5000	0.5000	1.0000	1	kafka-consumer-lag.md,thread-pool-exhaustion.md,kafka-consumer-lag.md,kafka-consumer-lag.md,kafka-consumer-lag.md,kafka-consumer-lag.md,kafka-consumer-lag.md,kafka-consumer-lag.md,mysql-slow-query.md,kafka-consumer-lag.md,mysql-slow-query.md,mysql-slow-query.md,mysql-slow-query.md,thread-pool-exhaustion.md,mysql-slow-query.md,mysql-slow-query.md,thread-pool-exhaustion.md,mysql-slow-query.md,thread-pool-exhaustion.md,thread-pool-exhaustion.md	3a68b91a2dd18c3d0b72dbaa27c133e0f02ad064bd8b828b89d53902e20ad214,777f56be5a5ad7e211fc5248bbfec8703690a8d3c7ce085ed92e32035dfd44c7,e9afb755de33c52c6718454b60c892fc1e13054359d816a6a29e450f9e1399fe,d6e7d9a9ef64e301e7875fb4b17921e6dbd033f23ea53d424c2a94e4a710dbd8,eedc368fe4c73bbf596f887f1ebda7254673a19d3567cb1384014098d6160c22,99697f4e520ba733252505cfa37313c6f2dd8f1649939561e694d40f623445b0,feeb63b6d9784b7c4377a01e6be53fd810b4763166083e3e4e18d22af53ecf57,205cf5078583c5d03efa084da7e227abbaa9139444d5f7720e1e74f40e7244bd,4a31790f549d324205cb9fa1582f71eae4aa7eccb463d245b34231fd5dcb7969,80ea04bfe5af4b02ddd52dfc87886771db9c2127bd10ef4083cbc85a0762afa6,21446f391a537a431b6196884dbb84a7918fa8f77198b70240cbbcf6efc3cc0f,f6f412737de4e8a225d1de70f67a706f7cb0d06868b364500dc7bebe03cbb132,9a1142c566e8e08896932ef6d4a8c14f780d8cbbcb11b1678101115aa8d45789,a860345a5c3aeb9902cbb01e628adc1e1057c2351d61e3304a9ded3ed568fed5,f9bea5a3f6b04e23d7e33d676283bc857aa167d96205969a379a7ce5d65c348d,75ac93b9d9581e152d113813a22c7fb9d830eb8b91a746ded06458017e4a43d8,eeac4bf4cc9e2d839aa85971bffc398b53ef73cbdb9dd9c7f6fc0aa6eda64f62,0476218ca9f7a623d02341e0bec23bace9e296f047a4e6ee1a374607eec7e488,fe642594379bd01453a34dac80c93cbbc31cbbf3cfd25542589d4ecc3933ded1,c86342a1f8fead74f25a1e264047806659d491e909435742516de2b9d333f24a
D06	dev	cross-component	HYBRID	0.0	Kafka 消费者扩容会不会压垮下游数据库	kafka-consumer-lag.md,mysql-slow-query.md	25.0153	0.4265	25.4418	0.5000	0.5000	1.0000	1	kafka-consumer-lag.md,kafka-consumer-lag.md,kafka-consumer-lag.md,thread-pool-exhaustion.md,kafka-consumer-lag.md,kafka-consumer-lag.md,kafka-consumer-lag.md,kafka-consumer-lag.md,kafka-consumer-lag.md,thread-pool-exhaustion.md,mysql-slow-query.md,mysql-slow-query.md,mysql-slow-query.md,mysql-slow-query.md,thread-pool-exhaustion.md,mysql-slow-query.md,mysql-slow-query.md,thread-pool-exhaustion.md,mysql-slow-query.md,thread-pool-exhaustion.md	3a68b91a2dd18c3d0b72dbaa27c133e0f02ad064bd8b828b89d53902e20ad214,e9afb755de33c52c6718454b60c892fc1e13054359d816a6a29e450f9e1399fe,99697f4e520ba733252505cfa37313c6f2dd8f1649939561e694d40f623445b0,777f56be5a5ad7e211fc5248bbfec8703690a8d3c7ce085ed92e32035dfd44c7,eedc368fe4c73bbf596f887f1ebda7254673a19d3567cb1384014098d6160c22,80ea04bfe5af4b02ddd52dfc87886771db9c2127bd10ef4083cbc85a0762afa6,205cf5078583c5d03efa084da7e227abbaa9139444d5f7720e1e74f40e7244bd,d6e7d9a9ef64e301e7875fb4b17921e6dbd033f23ea53d424c2a94e4a710dbd8,feeb63b6d9784b7c4377a01e6be53fd810b4763166083e3e4e18d22af53ecf57,a860345a5c3aeb9902cbb01e628adc1e1057c2351d61e3304a9ded3ed568fed5,4a31790f549d324205cb9fa1582f71eae4aa7eccb463d245b34231fd5dcb7969,21446f391a537a431b6196884dbb84a7918fa8f77198b70240cbbcf6efc3cc0f,9a1142c566e8e08896932ef6d4a8c14f780d8cbbcb11b1678101115aa8d45789,f6f412737de4e8a225d1de70f67a706f7cb0d06868b364500dc7bebe03cbb132,fe642594379bd01453a34dac80c93cbbc31cbbf3cfd25542589d4ecc3933ded1,f9bea5a3f6b04e23d7e33d676283bc857aa167d96205969a379a7ce5d65c348d,75ac93b9d9581e152d113813a22c7fb9d830eb8b91a746ded06458017e4a43d8,eeac4bf4cc9e2d839aa85971bffc398b53ef73cbdb9dd9c7f6fc0aa6eda64f62,0476218ca9f7a623d02341e0bec23bace9e296f047a4e6ee1a374607eec7e488,c86342a1f8fead74f25a1e264047806659d491e909435742516de2b9d333f24a
D06	dev	cross-component	HYBRID_RERANK	0.0	Kafka 消费者扩容会不会压垮下游数据库	kafka-consumer-lag.md,mysql-slow-query.md	25.0153	0.9211	25.9364	0.5000	0.5000	1.0000	1	kafka-consumer-lag.md,kafka-consumer-lag.md,kafka-consumer-lag.md,thread-pool-exhaustion.md,kafka-consumer-lag.md,kafka-consumer-lag.md,mysql-slow-query.md,mysql-slow-query.md,thread-pool-exhaustion.md,thread-pool-exhaustion.md,kafka-consumer-lag.md,kafka-consumer-lag.md,mysql-slow-query.md,mysql-slow-query.md,mysql-slow-query.md,mysql-slow-query.md,thread-pool-exhaustion.md,mysql-slow-query.md,thread-pool-exhaustion.md,kafka-consumer-lag.md	3a68b91a2dd18c3d0b72dbaa27c133e0f02ad064bd8b828b89d53902e20ad214,e9afb755de33c52c6718454b60c892fc1e13054359d816a6a29e450f9e1399fe,eedc368fe4c73bbf596f887f1ebda7254673a19d3567cb1384014098d6160c22,777f56be5a5ad7e211fc5248bbfec8703690a8d3c7ce085ed92e32035dfd44c7,80ea04bfe5af4b02ddd52dfc87886771db9c2127bd10ef4083cbc85a0762afa6,205cf5078583c5d03efa084da7e227abbaa9139444d5f7720e1e74f40e7244bd,9a1142c566e8e08896932ef6d4a8c14f780d8cbbcb11b1678101115aa8d45789,f9bea5a3f6b04e23d7e33d676283bc857aa167d96205969a379a7ce5d65c348d,a860345a5c3aeb9902cbb01e628adc1e1057c2351d61e3304a9ded3ed568fed5,fe642594379bd01453a34dac80c93cbbc31cbbf3cfd25542589d4ecc3933ded1,d6e7d9a9ef64e301e7875fb4b17921e6dbd033f23ea53d424c2a94e4a710dbd8,feeb63b6d9784b7c4377a01e6be53fd810b4763166083e3e4e18d22af53ecf57,4a31790f549d324205cb9fa1582f71eae4aa7eccb463d245b34231fd5dcb7969,21446f391a537a431b6196884dbb84a7918fa8f77198b70240cbbcf6efc3cc0f,f6f412737de4e8a225d1de70f67a706f7cb0d06868b364500dc7bebe03cbb132,75ac93b9d9581e152d113813a22c7fb9d830eb8b91a746ded06458017e4a43d8,eeac4bf4cc9e2d839aa85971bffc398b53ef73cbdb9dd9c7f6fc0aa6eda64f62,0476218ca9f7a623d02341e0bec23bace9e296f047a4e6ee1a374607eec7e488,c86342a1f8fead74f25a1e264047806659d491e909435742516de2b9d333f24a,99697f4e520ba733252505cfa37313c6f2dd8f1649939561e694d40f623445b0
D06	dev	cross-component	VECTOR	0.47	Kafka 消费者扩容会不会压垮下游数据库	kafka-consumer-lag.md,mysql-slow-query.md	25.0153	0.0111	25.0264	0.5000	0.5000	1.0000	1	kafka-consumer-lag.md,thread-pool-exhaustion.md,kafka-consumer-lag.md,kafka-consumer-lag.md,kafka-consumer-lag.md,kafka-consumer-lag.md,kafka-consumer-lag.md,kafka-consumer-lag.md,mysql-slow-query.md,kafka-consumer-lag.md,mysql-slow-query.md,mysql-slow-query.md	3a68b91a2dd18c3d0b72dbaa27c133e0f02ad064bd8b828b89d53902e20ad214,777f56be5a5ad7e211fc5248bbfec8703690a8d3c7ce085ed92e32035dfd44c7,e9afb755de33c52c6718454b60c892fc1e13054359d816a6a29e450f9e1399fe,d6e7d9a9ef64e301e7875fb4b17921e6dbd033f23ea53d424c2a94e4a710dbd8,eedc368fe4c73bbf596f887f1ebda7254673a19d3567cb1384014098d6160c22,99697f4e520ba733252505cfa37313c6f2dd8f1649939561e694d40f623445b0,feeb63b6d9784b7c4377a01e6be53fd810b4763166083e3e4e18d22af53ecf57,205cf5078583c5d03efa084da7e227abbaa9139444d5f7720e1e74f40e7244bd,4a31790f549d324205cb9fa1582f71eae4aa7eccb463d245b34231fd5dcb7969,80ea04bfe5af4b02ddd52dfc87886771db9c2127bd10ef4083cbc85a0762afa6,21446f391a537a431b6196884dbb84a7918fa8f77198b70240cbbcf6efc3cc0f,f6f412737de4e8a225d1de70f67a706f7cb0d06868b364500dc7bebe03cbb132
D06	dev	cross-component	HYBRID	0.47	Kafka 消费者扩容会不会压垮下游数据库	kafka-consumer-lag.md,mysql-slow-query.md	25.0153	0.3959	25.4112	0.5000	0.5000	1.0000	1	kafka-consumer-lag.md,kafka-consumer-lag.md,kafka-consumer-lag.md,thread-pool-exhaustion.md,kafka-consumer-lag.md,kafka-consumer-lag.md,kafka-consumer-lag.md,kafka-consumer-lag.md,kafka-consumer-lag.md,mysql-slow-query.md,mysql-slow-query.md,mysql-slow-query.md	3a68b91a2dd18c3d0b72dbaa27c133e0f02ad064bd8b828b89d53902e20ad214,e9afb755de33c52c6718454b60c892fc1e13054359d816a6a29e450f9e1399fe,99697f4e520ba733252505cfa37313c6f2dd8f1649939561e694d40f623445b0,777f56be5a5ad7e211fc5248bbfec8703690a8d3c7ce085ed92e32035dfd44c7,eedc368fe4c73bbf596f887f1ebda7254673a19d3567cb1384014098d6160c22,80ea04bfe5af4b02ddd52dfc87886771db9c2127bd10ef4083cbc85a0762afa6,205cf5078583c5d03efa084da7e227abbaa9139444d5f7720e1e74f40e7244bd,d6e7d9a9ef64e301e7875fb4b17921e6dbd033f23ea53d424c2a94e4a710dbd8,feeb63b6d9784b7c4377a01e6be53fd810b4763166083e3e4e18d22af53ecf57,4a31790f549d324205cb9fa1582f71eae4aa7eccb463d245b34231fd5dcb7969,21446f391a537a431b6196884dbb84a7918fa8f77198b70240cbbcf6efc3cc0f,f6f412737de4e8a225d1de70f67a706f7cb0d06868b364500dc7bebe03cbb132
D06	dev	cross-component	HYBRID_RERANK	0.47	Kafka 消费者扩容会不会压垮下游数据库	kafka-consumer-lag.md,mysql-slow-query.md	25.0153	0.6713	25.6866	0.5000	0.5000	1.0000	1	kafka-consumer-lag.md,kafka-consumer-lag.md,kafka-consumer-lag.md,thread-pool-exhaustion.md,kafka-consumer-lag.md,kafka-consumer-lag.md,kafka-consumer-lag.md,kafka-consumer-lag.md,mysql-slow-query.md,mysql-slow-query.md,mysql-slow-query.md,kafka-consumer-lag.md	3a68b91a2dd18c3d0b72dbaa27c133e0f02ad064bd8b828b89d53902e20ad214,e9afb755de33c52c6718454b60c892fc1e13054359d816a6a29e450f9e1399fe,eedc368fe4c73bbf596f887f1ebda7254673a19d3567cb1384014098d6160c22,777f56be5a5ad7e211fc5248bbfec8703690a8d3c7ce085ed92e32035dfd44c7,80ea04bfe5af4b02ddd52dfc87886771db9c2127bd10ef4083cbc85a0762afa6,205cf5078583c5d03efa084da7e227abbaa9139444d5f7720e1e74f40e7244bd,d6e7d9a9ef64e301e7875fb4b17921e6dbd033f23ea53d424c2a94e4a710dbd8,feeb63b6d9784b7c4377a01e6be53fd810b4763166083e3e4e18d22af53ecf57,4a31790f549d324205cb9fa1582f71eae4aa7eccb463d245b34231fd5dcb7969,21446f391a537a431b6196884dbb84a7918fa8f77198b70240cbbcf6efc3cc0f,f6f412737de4e8a225d1de70f67a706f7cb0d06868b364500dc7bebe03cbb132,99697f4e520ba733252505cfa37313c6f2dd8f1649939561e694d40f623445b0
D07	dev	paraphrase	VECTOR	0.0	查询变慢且大量业务线程等着取数据库连接	mysql-slow-query.md	25.4589	0.0364	25.4953	1.0000	1.0000	1.0000	1	mysql-slow-query.md,mysql-slow-query.md,mysql-slow-query.md,mysql-slow-query.md,mysql-slow-query.md,mysql-slow-query.md,mysql-slow-query.md,thread-pool-exhaustion.md,thread-pool-exhaustion.md,kafka-consumer-lag.md,thread-pool-exhaustion.md,kafka-consumer-lag.md,thread-pool-exhaustion.md,thread-pool-exhaustion.md,thread-pool-exhaustion.md,kafka-consumer-lag.md,thread-pool-exhaustion.md,kafka-consumer-lag.md,thread-pool-exhaustion.md,kafka-consumer-lag.md	4a31790f549d324205cb9fa1582f71eae4aa7eccb463d245b34231fd5dcb7969,21446f391a537a431b6196884dbb84a7918fa8f77198b70240cbbcf6efc3cc0f,f6f412737de4e8a225d1de70f67a706f7cb0d06868b364500dc7bebe03cbb132,9a1142c566e8e08896932ef6d4a8c14f780d8cbbcb11b1678101115aa8d45789,75ac93b9d9581e152d113813a22c7fb9d830eb8b91a746ded06458017e4a43d8,0476218ca9f7a623d02341e0bec23bace9e296f047a4e6ee1a374607eec7e488,f9bea5a3f6b04e23d7e33d676283bc857aa167d96205969a379a7ce5d65c348d,c86342a1f8fead74f25a1e264047806659d491e909435742516de2b9d333f24a,777f56be5a5ad7e211fc5248bbfec8703690a8d3c7ce085ed92e32035dfd44c7,3a68b91a2dd18c3d0b72dbaa27c133e0f02ad064bd8b828b89d53902e20ad214,a860345a5c3aeb9902cbb01e628adc1e1057c2351d61e3304a9ded3ed568fed5,e9afb755de33c52c6718454b60c892fc1e13054359d816a6a29e450f9e1399fe,eeac4bf4cc9e2d839aa85971bffc398b53ef73cbdb9dd9c7f6fc0aa6eda64f62,653ee6a2763bfb6d9faad3b6f0a603bcff19c6b6386bd19a76666f2cd509a2fb,fe642594379bd01453a34dac80c93cbbc31cbbf3cfd25542589d4ecc3933ded1,eedc368fe4c73bbf596f887f1ebda7254673a19d3567cb1384014098d6160c22,cc5f72b52750078c8a8f1fd8635f9dfd01a06e7e4f28bb3f6abd3301a56d7d27,d6e7d9a9ef64e301e7875fb4b17921e6dbd033f23ea53d424c2a94e4a710dbd8,d534bfed6ffacdcf5d3badcb333a800a21fe3d0e7f0655969b8ed03a90043c8e,205cf5078583c5d03efa084da7e227abbaa9139444d5f7720e1e74f40e7244bd
D07	dev	paraphrase	HYBRID	0.0	查询变慢且大量业务线程等着取数据库连接	mysql-slow-query.md	25.4589	0.4699	25.9288	1.0000	1.0000	1.0000	1	mysql-slow-query.md,mysql-slow-query.md,mysql-slow-query.md,mysql-slow-query.md,mysql-slow-query.md,mysql-slow-query.md,thread-pool-exhaustion.md,thread-pool-exhaustion.md,mysql-slow-query.md,thread-pool-exhaustion.md,thread-pool-exhaustion.md,kafka-consumer-lag.md,thread-pool-exhaustion.md,kafka-consumer-lag.md,thread-pool-exhaustion.md,kafka-consumer-lag.md,thread-pool-exhaustion.md,thread-pool-exhaustion.md,kafka-consumer-lag.md,kafka-consumer-lag.md	4a31790f549d324205cb9fa1582f71eae4aa7eccb463d245b34231fd5dcb7969,21446f391a537a431b6196884dbb84a7918fa8f77198b70240cbbcf6efc3cc0f,9a1142c566e8e08896932ef6d4a8c14f780d8cbbcb11b1678101115aa8d45789,f6f412737de4e8a225d1de70f67a706f7cb0d06868b364500dc7bebe03cbb132,f9bea5a3f6b04e23d7e33d676283bc857aa167d96205969a379a7ce5d65c348d,75ac93b9d9581e152d113813a22c7fb9d830eb8b91a746ded06458017e4a43d8,777f56be5a5ad7e211fc5248bbfec8703690a8d3c7ce085ed92e32035dfd44c7,c86342a1f8fead74f25a1e264047806659d491e909435742516de2b9d333f24a,0476218ca9f7a623d02341e0bec23bace9e296f047a4e6ee1a374607eec7e488,a860345a5c3aeb9902cbb01e628adc1e1057c2351d61e3304a9ded3ed568fed5,fe642594379bd01453a34dac80c93cbbc31cbbf3cfd25542589d4ecc3933ded1,e9afb755de33c52c6718454b60c892fc1e13054359d816a6a29e450f9e1399fe,eeac4bf4cc9e2d839aa85971bffc398b53ef73cbdb9dd9c7f6fc0aa6eda64f62,3a68b91a2dd18c3d0b72dbaa27c133e0f02ad064bd8b828b89d53902e20ad214,653ee6a2763bfb6d9faad3b6f0a603bcff19c6b6386bd19a76666f2cd509a2fb,eedc368fe4c73bbf596f887f1ebda7254673a19d3567cb1384014098d6160c22,d534bfed6ffacdcf5d3badcb333a800a21fe3d0e7f0655969b8ed03a90043c8e,cc5f72b52750078c8a8f1fd8635f9dfd01a06e7e4f28bb3f6abd3301a56d7d27,d6e7d9a9ef64e301e7875fb4b17921e6dbd033f23ea53d424c2a94e4a710dbd8,205cf5078583c5d03efa084da7e227abbaa9139444d5f7720e1e74f40e7244bd
D07	dev	paraphrase	HYBRID_RERANK	0.0	查询变慢且大量业务线程等着取数据库连接	mysql-slow-query.md	25.4589	0.9390	26.3979	1.0000	1.0000	1.0000	1	mysql-slow-query.md,mysql-slow-query.md,mysql-slow-query.md,mysql-slow-query.md,mysql-slow-query.md,thread-pool-exhaustion.md,thread-pool-exhaustion.md,mysql-slow-query.md,thread-pool-exhaustion.md,thread-pool-exhaustion.md,thread-pool-exhaustion.md,kafka-consumer-lag.md,kafka-consumer-lag.md,mysql-slow-query.md,kafka-consumer-lag.md,thread-pool-exhaustion.md,thread-pool-exhaustion.md,thread-pool-exhaustion.md,kafka-consumer-lag.md,kafka-consumer-lag.md	f9bea5a3f6b04e23d7e33d676283bc857aa167d96205969a379a7ce5d65c348d,4a31790f549d324205cb9fa1582f71eae4aa7eccb463d245b34231fd5dcb7969,9a1142c566e8e08896932ef6d4a8c14f780d8cbbcb11b1678101115aa8d45789,21446f391a537a431b6196884dbb84a7918fa8f77198b70240cbbcf6efc3cc0f,f6f412737de4e8a225d1de70f67a706f7cb0d06868b364500dc7bebe03cbb132,c86342a1f8fead74f25a1e264047806659d491e909435742516de2b9d333f24a,fe642594379bd01453a34dac80c93cbbc31cbbf3cfd25542589d4ecc3933ded1,75ac93b9d9581e152d113813a22c7fb9d830eb8b91a746ded06458017e4a43d8,777f56be5a5ad7e211fc5248bbfec8703690a8d3c7ce085ed92e32035dfd44c7,a860345a5c3aeb9902cbb01e628adc1e1057c2351d61e3304a9ded3ed568fed5,eeac4bf4cc9e2d839aa85971bffc398b53ef73cbdb9dd9c7f6fc0aa6eda64f62,e9afb755de33c52c6718454b60c892fc1e13054359d816a6a29e450f9e1399fe,eedc368fe4c73bbf596f887f1ebda7254673a19d3567cb1384014098d6160c22,0476218ca9f7a623d02341e0bec23bace9e296f047a4e6ee1a374607eec7e488,3a68b91a2dd18c3d0b72dbaa27c133e0f02ad064bd8b828b89d53902e20ad214,653ee6a2763bfb6d9faad3b6f0a603bcff19c6b6386bd19a76666f2cd509a2fb,d534bfed6ffacdcf5d3badcb333a800a21fe3d0e7f0655969b8ed03a90043c8e,cc5f72b52750078c8a8f1fd8635f9dfd01a06e7e4f28bb3f6abd3301a56d7d27,d6e7d9a9ef64e301e7875fb4b17921e6dbd033f23ea53d424c2a94e4a710dbd8,205cf5078583c5d03efa084da7e227abbaa9139444d5f7720e1e74f40e7244bd
D07	dev	paraphrase	VECTOR	0.47	查询变慢且大量业务线程等着取数据库连接	mysql-slow-query.md	25.4589	0.0120	25.4709	1.0000	1.0000	1.0000	1	mysql-slow-query.md,mysql-slow-query.md,mysql-slow-query.md,mysql-slow-query.md,mysql-slow-query.md,mysql-slow-query.md,mysql-slow-query.md,thread-pool-exhaustion.md,thread-pool-exhaustion.md,kafka-consumer-lag.md,thread-pool-exhaustion.md,kafka-consumer-lag.md,thread-pool-exhaustion.md,thread-pool-exhaustion.md,thread-pool-exhaustion.md,kafka-consumer-lag.md,thread-pool-exhaustion.md,kafka-consumer-lag.md,thread-pool-exhaustion.md,kafka-consumer-lag.md	4a31790f549d324205cb9fa1582f71eae4aa7eccb463d245b34231fd5dcb7969,21446f391a537a431b6196884dbb84a7918fa8f77198b70240cbbcf6efc3cc0f,f6f412737de4e8a225d1de70f67a706f7cb0d06868b364500dc7bebe03cbb132,9a1142c566e8e08896932ef6d4a8c14f780d8cbbcb11b1678101115aa8d45789,75ac93b9d9581e152d113813a22c7fb9d830eb8b91a746ded06458017e4a43d8,0476218ca9f7a623d02341e0bec23bace9e296f047a4e6ee1a374607eec7e488,f9bea5a3f6b04e23d7e33d676283bc857aa167d96205969a379a7ce5d65c348d,c86342a1f8fead74f25a1e264047806659d491e909435742516de2b9d333f24a,777f56be5a5ad7e211fc5248bbfec8703690a8d3c7ce085ed92e32035dfd44c7,3a68b91a2dd18c3d0b72dbaa27c133e0f02ad064bd8b828b89d53902e20ad214,a860345a5c3aeb9902cbb01e628adc1e1057c2351d61e3304a9ded3ed568fed5,e9afb755de33c52c6718454b60c892fc1e13054359d816a6a29e450f9e1399fe,eeac4bf4cc9e2d839aa85971bffc398b53ef73cbdb9dd9c7f6fc0aa6eda64f62,653ee6a2763bfb6d9faad3b6f0a603bcff19c6b6386bd19a76666f2cd509a2fb,fe642594379bd01453a34dac80c93cbbc31cbbf3cfd25542589d4ecc3933ded1,eedc368fe4c73bbf596f887f1ebda7254673a19d3567cb1384014098d6160c22,cc5f72b52750078c8a8f1fd8635f9dfd01a06e7e4f28bb3f6abd3301a56d7d27,d6e7d9a9ef64e301e7875fb4b17921e6dbd033f23ea53d424c2a94e4a710dbd8,d534bfed6ffacdcf5d3badcb333a800a21fe3d0e7f0655969b8ed03a90043c8e,205cf5078583c5d03efa084da7e227abbaa9139444d5f7720e1e74f40e7244bd
D07	dev	paraphrase	HYBRID	0.47	查询变慢且大量业务线程等着取数据库连接	mysql-slow-query.md	25.4589	0.4080	25.8669	1.0000	1.0000	1.0000	1	mysql-slow-query.md,mysql-slow-query.md,mysql-slow-query.md,mysql-slow-query.md,mysql-slow-query.md,mysql-slow-query.md,thread-pool-exhaustion.md,thread-pool-exhaustion.md,mysql-slow-query.md,thread-pool-exhaustion.md,thread-pool-exhaustion.md,kafka-consumer-lag.md,thread-pool-exhaustion.md,kafka-consumer-lag.md,thread-pool-exhaustion.md,kafka-consumer-lag.md,thread-pool-exhaustion.md,thread-pool-exhaustion.md,kafka-consumer-lag.md,kafka-consumer-lag.md	4a31790f549d324205cb9fa1582f71eae4aa7eccb463d245b34231fd5dcb7969,21446f391a537a431b6196884dbb84a7918fa8f77198b70240cbbcf6efc3cc0f,9a1142c566e8e08896932ef6d4a8c14f780d8cbbcb11b1678101115aa8d45789,f6f412737de4e8a225d1de70f67a706f7cb0d06868b364500dc7bebe03cbb132,f9bea5a3f6b04e23d7e33d676283bc857aa167d96205969a379a7ce5d65c348d,75ac93b9d9581e152d113813a22c7fb9d830eb8b91a746ded06458017e4a43d8,777f56be5a5ad7e211fc5248bbfec8703690a8d3c7ce085ed92e32035dfd44c7,c86342a1f8fead74f25a1e264047806659d491e909435742516de2b9d333f24a,0476218ca9f7a623d02341e0bec23bace9e296f047a4e6ee1a374607eec7e488,a860345a5c3aeb9902cbb01e628adc1e1057c2351d61e3304a9ded3ed568fed5,fe642594379bd01453a34dac80c93cbbc31cbbf3cfd25542589d4ecc3933ded1,e9afb755de33c52c6718454b60c892fc1e13054359d816a6a29e450f9e1399fe,eeac4bf4cc9e2d839aa85971bffc398b53ef73cbdb9dd9c7f6fc0aa6eda64f62,3a68b91a2dd18c3d0b72dbaa27c133e0f02ad064bd8b828b89d53902e20ad214,653ee6a2763bfb6d9faad3b6f0a603bcff19c6b6386bd19a76666f2cd509a2fb,eedc368fe4c73bbf596f887f1ebda7254673a19d3567cb1384014098d6160c22,d534bfed6ffacdcf5d3badcb333a800a21fe3d0e7f0655969b8ed03a90043c8e,cc5f72b52750078c8a8f1fd8635f9dfd01a06e7e4f28bb3f6abd3301a56d7d27,d6e7d9a9ef64e301e7875fb4b17921e6dbd033f23ea53d424c2a94e4a710dbd8,205cf5078583c5d03efa084da7e227abbaa9139444d5f7720e1e74f40e7244bd
D07	dev	paraphrase	HYBRID_RERANK	0.47	查询变慢且大量业务线程等着取数据库连接	mysql-slow-query.md	25.4589	0.9314	26.3903	1.0000	1.0000	1.0000	1	mysql-slow-query.md,mysql-slow-query.md,mysql-slow-query.md,mysql-slow-query.md,mysql-slow-query.md,thread-pool-exhaustion.md,thread-pool-exhaustion.md,mysql-slow-query.md,thread-pool-exhaustion.md,thread-pool-exhaustion.md,thread-pool-exhaustion.md,kafka-consumer-lag.md,kafka-consumer-lag.md,mysql-slow-query.md,kafka-consumer-lag.md,thread-pool-exhaustion.md,thread-pool-exhaustion.md,thread-pool-exhaustion.md,kafka-consumer-lag.md,kafka-consumer-lag.md	f9bea5a3f6b04e23d7e33d676283bc857aa167d96205969a379a7ce5d65c348d,4a31790f549d324205cb9fa1582f71eae4aa7eccb463d245b34231fd5dcb7969,9a1142c566e8e08896932ef6d4a8c14f780d8cbbcb11b1678101115aa8d45789,21446f391a537a431b6196884dbb84a7918fa8f77198b70240cbbcf6efc3cc0f,f6f412737de4e8a225d1de70f67a706f7cb0d06868b364500dc7bebe03cbb132,c86342a1f8fead74f25a1e264047806659d491e909435742516de2b9d333f24a,fe642594379bd01453a34dac80c93cbbc31cbbf3cfd25542589d4ecc3933ded1,75ac93b9d9581e152d113813a22c7fb9d830eb8b91a746ded06458017e4a43d8,777f56be5a5ad7e211fc5248bbfec8703690a8d3c7ce085ed92e32035dfd44c7,a860345a5c3aeb9902cbb01e628adc1e1057c2351d61e3304a9ded3ed568fed5,eeac4bf4cc9e2d839aa85971bffc398b53ef73cbdb9dd9c7f6fc0aa6eda64f62,e9afb755de33c52c6718454b60c892fc1e13054359d816a6a29e450f9e1399fe,eedc368fe4c73bbf596f887f1ebda7254673a19d3567cb1384014098d6160c22,0476218ca9f7a623d02341e0bec23bace9e296f047a4e6ee1a374607eec7e488,3a68b91a2dd18c3d0b72dbaa27c133e0f02ad064bd8b828b89d53902e20ad214,653ee6a2763bfb6d9faad3b6f0a603bcff19c6b6386bd19a76666f2cd509a2fb,d534bfed6ffacdcf5d3badcb333a800a21fe3d0e7f0655969b8ed03a90043c8e,cc5f72b52750078c8a8f1fd8635f9dfd01a06e7e4f28bb3f6abd3301a56d7d27,d6e7d9a9ef64e301e7875fb4b17921e6dbd033f23ea53d424c2a94e4a710dbd8,205cf5078583c5d03efa084da7e227abbaa9139444d5f7720e1e74f40e7244bd
D08	dev	technical	VECTOR	0.0	HikariCP pendingThreads 增加而 idleConnections 为零	mysql-slow-query.md	27.3307	0.0220	27.3527	1.0000	1.0000	1.0000	1	mysql-slow-query.md,thread-pool-exhaustion.md,thread-pool-exhaustion.md,thread-pool-exhaustion.md,mysql-slow-query.md,thread-pool-exhaustion.md,thread-pool-exhaustion.md,mysql-slow-query.md,kafka-consumer-lag.md,thread-pool-exhaustion.md,thread-pool-exhaustion.md,mysql-slow-query.md,kafka-consumer-lag.md,thread-pool-exhaustion.md,mysql-slow-query.md,kafka-consumer-lag.md,kafka-consumer-lag.md,kafka-consumer-lag.md,kafka-consumer-lag.md,kafka-consumer-lag.md	f9bea5a3f6b04e23d7e33d676283bc857aa167d96205969a379a7ce5d65c348d,c86342a1f8fead74f25a1e264047806659d491e909435742516de2b9d333f24a,eeac4bf4cc9e2d839aa85971bffc398b53ef73cbdb9dd9c7f6fc0aa6eda64f62,cc5f72b52750078c8a8f1fd8635f9dfd01a06e7e4f28bb3f6abd3301a56d7d27,f6f412737de4e8a225d1de70f67a706f7cb0d06868b364500dc7bebe03cbb132,a860345a5c3aeb9902cbb01e628adc1e1057c2351d61e3304a9ded3ed568fed5,653ee6a2763bfb6d9faad3b6f0a603bcff19c6b6386bd19a76666f2cd509a2fb,4a31790f549d324205cb9fa1582f71eae4aa7eccb463d245b34231fd5dcb7969,e9afb755de33c52c6718454b60c892fc1e13054359d816a6a29e450f9e1399fe,777f56be5a5ad7e211fc5248bbfec8703690a8d3c7ce085ed92e32035dfd44c7,d534bfed6ffacdcf5d3badcb333a800a21fe3d0e7f0655969b8ed03a90043c8e,21446f391a537a431b6196884dbb84a7918fa8f77198b70240cbbcf6efc3cc0f,3a68b91a2dd18c3d0b72dbaa27c133e0f02ad064bd8b828b89d53902e20ad214,fe642594379bd01453a34dac80c93cbbc31cbbf3cfd25542589d4ecc3933ded1,75ac93b9d9581e152d113813a22c7fb9d830eb8b91a746ded06458017e4a43d8,99697f4e520ba733252505cfa37313c6f2dd8f1649939561e694d40f623445b0,eedc368fe4c73bbf596f887f1ebda7254673a19d3567cb1384014098d6160c22,205cf5078583c5d03efa084da7e227abbaa9139444d5f7720e1e74f40e7244bd,d6e7d9a9ef64e301e7875fb4b17921e6dbd033f23ea53d424c2a94e4a710dbd8,80ea04bfe5af4b02ddd52dfc87886771db9c2127bd10ef4083cbc85a0762afa6
D08	dev	technical	HYBRID	0.0	HikariCP pendingThreads 增加而 idleConnections 为零	mysql-slow-query.md	27.3307	0.4023	27.7330	1.0000	1.0000	1.0000	1	mysql-slow-query.md,mysql-slow-query.md,mysql-slow-query.md,thread-pool-exhaustion.md,thread-pool-exhaustion.md,mysql-slow-query.md,mysql-slow-query.md,kafka-consumer-lag.md,kafka-consumer-lag.md,thread-pool-exhaustion.md,kafka-consumer-lag.md,thread-pool-exhaustion.md,thread-pool-exhaustion.md,thread-pool-exhaustion.md,kafka-consumer-lag.md,thread-pool-exhaustion.md,thread-pool-exhaustion.md,kafka-consumer-lag.md,kafka-consumer-lag.md,kafka-consumer-lag.md	f9bea5a3f6b04e23d7e33d676283bc857aa167d96205969a379a7ce5d65c348d,f6f412737de4e8a225d1de70f67a706f7cb0d06868b364500dc7bebe03cbb132,4a31790f549d324205cb9fa1582f71eae4aa7eccb463d245b34231fd5dcb7969,cc5f72b52750078c8a8f1fd8635f9dfd01a06e7e4f28bb3f6abd3301a56d7d27,a860345a5c3aeb9902cbb01e628adc1e1057c2351d61e3304a9ded3ed568fed5,21446f391a537a431b6196884dbb84a7918fa8f77198b70240cbbcf6efc3cc0f,75ac93b9d9581e152d113813a22c7fb9d830eb8b91a746ded06458017e4a43d8,3a68b91a2dd18c3d0b72dbaa27c133e0f02ad064bd8b828b89d53902e20ad214,99697f4e520ba733252505cfa37313c6f2dd8f1649939561e694d40f623445b0,fe642594379bd01453a34dac80c93cbbc31cbbf3cfd25542589d4ecc3933ded1,d6e7d9a9ef64e301e7875fb4b17921e6dbd033f23ea53d424c2a94e4a710dbd8,c86342a1f8fead74f25a1e264047806659d491e909435742516de2b9d333f24a,eeac4bf4cc9e2d839aa85971bffc398b53ef73cbdb9dd9c7f6fc0aa6eda64f62,653ee6a2763bfb6d9faad3b6f0a603bcff19c6b6386bd19a76666f2cd509a2fb,e9afb755de33c52c6718454b60c892fc1e13054359d816a6a29e450f9e1399fe,777f56be5a5ad7e211fc5248bbfec8703690a8d3c7ce085ed92e32035dfd44c7,d534bfed6ffacdcf5d3badcb333a800a21fe3d0e7f0655969b8ed03a90043c8e,eedc368fe4c73bbf596f887f1ebda7254673a19d3567cb1384014098d6160c22,205cf5078583c5d03efa084da7e227abbaa9139444d5f7720e1e74f40e7244bd,80ea04bfe5af4b02ddd52dfc87886771db9c2127bd10ef4083cbc85a0762afa6
D08	dev	technical	HYBRID_RERANK	0.0	HikariCP pendingThreads 增加而 idleConnections 为零	mysql-slow-query.md	27.3307	1.0012	28.3319	1.0000	1.0000	1.0000	1	mysql-slow-query.md,mysql-slow-query.md,mysql-slow-query.md,thread-pool-exhaustion.md,thread-pool-exhaustion.md,mysql-slow-query.md,mysql-slow-query.md,kafka-consumer-lag.md,kafka-consumer-lag.md,thread-pool-exhaustion.md,kafka-consumer-lag.md,thread-pool-exhaustion.md,thread-pool-exhaustion.md,thread-pool-exhaustion.md,kafka-consumer-lag.md,thread-pool-exhaustion.md,thread-pool-exhaustion.md,kafka-consumer-lag.md,kafka-consumer-lag.md,kafka-consumer-lag.md	f9bea5a3f6b04e23d7e33d676283bc857aa167d96205969a379a7ce5d65c348d,f6f412737de4e8a225d1de70f67a706f7cb0d06868b364500dc7bebe03cbb132,4a31790f549d324205cb9fa1582f71eae4aa7eccb463d245b34231fd5dcb7969,cc5f72b52750078c8a8f1fd8635f9dfd01a06e7e4f28bb3f6abd3301a56d7d27,a860345a5c3aeb9902cbb01e628adc1e1057c2351d61e3304a9ded3ed568fed5,21446f391a537a431b6196884dbb84a7918fa8f77198b70240cbbcf6efc3cc0f,75ac93b9d9581e152d113813a22c7fb9d830eb8b91a746ded06458017e4a43d8,3a68b91a2dd18c3d0b72dbaa27c133e0f02ad064bd8b828b89d53902e20ad214,99697f4e520ba733252505cfa37313c6f2dd8f1649939561e694d40f623445b0,fe642594379bd01453a34dac80c93cbbc31cbbf3cfd25542589d4ecc3933ded1,d6e7d9a9ef64e301e7875fb4b17921e6dbd033f23ea53d424c2a94e4a710dbd8,c86342a1f8fead74f25a1e264047806659d491e909435742516de2b9d333f24a,eeac4bf4cc9e2d839aa85971bffc398b53ef73cbdb9dd9c7f6fc0aa6eda64f62,653ee6a2763bfb6d9faad3b6f0a603bcff19c6b6386bd19a76666f2cd509a2fb,e9afb755de33c52c6718454b60c892fc1e13054359d816a6a29e450f9e1399fe,777f56be5a5ad7e211fc5248bbfec8703690a8d3c7ce085ed92e32035dfd44c7,d534bfed6ffacdcf5d3badcb333a800a21fe3d0e7f0655969b8ed03a90043c8e,eedc368fe4c73bbf596f887f1ebda7254673a19d3567cb1384014098d6160c22,205cf5078583c5d03efa084da7e227abbaa9139444d5f7720e1e74f40e7244bd,80ea04bfe5af4b02ddd52dfc87886771db9c2127bd10ef4083cbc85a0762afa6
D08	dev	technical	VECTOR	0.47	HikariCP pendingThreads 增加而 idleConnections 为零	mysql-slow-query.md	27.3307	0.0158	27.3465	1.0000	1.0000	1.0000	1	mysql-slow-query.md,thread-pool-exhaustion.md,thread-pool-exhaustion.md,thread-pool-exhaustion.md,mysql-slow-query.md,thread-pool-exhaustion.md,thread-pool-exhaustion.md	f9bea5a3f6b04e23d7e33d676283bc857aa167d96205969a379a7ce5d65c348d,c86342a1f8fead74f25a1e264047806659d491e909435742516de2b9d333f24a,eeac4bf4cc9e2d839aa85971bffc398b53ef73cbdb9dd9c7f6fc0aa6eda64f62,cc5f72b52750078c8a8f1fd8635f9dfd01a06e7e4f28bb3f6abd3301a56d7d27,f6f412737de4e8a225d1de70f67a706f7cb0d06868b364500dc7bebe03cbb132,a860345a5c3aeb9902cbb01e628adc1e1057c2351d61e3304a9ded3ed568fed5,653ee6a2763bfb6d9faad3b6f0a603bcff19c6b6386bd19a76666f2cd509a2fb
D08	dev	technical	HYBRID	0.47	HikariCP pendingThreads 增加而 idleConnections 为零	mysql-slow-query.md	27.3307	0.3693	27.7000	1.0000	1.0000	1.0000	1	mysql-slow-query.md,mysql-slow-query.md,thread-pool-exhaustion.md,thread-pool-exhaustion.md,thread-pool-exhaustion.md,thread-pool-exhaustion.md,thread-pool-exhaustion.md	f9bea5a3f6b04e23d7e33d676283bc857aa167d96205969a379a7ce5d65c348d,f6f412737de4e8a225d1de70f67a706f7cb0d06868b364500dc7bebe03cbb132,cc5f72b52750078c8a8f1fd8635f9dfd01a06e7e4f28bb3f6abd3301a56d7d27,a860345a5c3aeb9902cbb01e628adc1e1057c2351d61e3304a9ded3ed568fed5,c86342a1f8fead74f25a1e264047806659d491e909435742516de2b9d333f24a,eeac4bf4cc9e2d839aa85971bffc398b53ef73cbdb9dd9c7f6fc0aa6eda64f62,653ee6a2763bfb6d9faad3b6f0a603bcff19c6b6386bd19a76666f2cd509a2fb
D08	dev	technical	HYBRID_RERANK	0.47	HikariCP pendingThreads 增加而 idleConnections 为零	mysql-slow-query.md	27.3307	0.6017	27.9324	1.0000	1.0000	1.0000	1	mysql-slow-query.md,mysql-slow-query.md,thread-pool-exhaustion.md,thread-pool-exhaustion.md,thread-pool-exhaustion.md,thread-pool-exhaustion.md,thread-pool-exhaustion.md	f9bea5a3f6b04e23d7e33d676283bc857aa167d96205969a379a7ce5d65c348d,f6f412737de4e8a225d1de70f67a706f7cb0d06868b364500dc7bebe03cbb132,cc5f72b52750078c8a8f1fd8635f9dfd01a06e7e4f28bb3f6abd3301a56d7d27,a860345a5c3aeb9902cbb01e628adc1e1057c2351d61e3304a9ded3ed568fed5,c86342a1f8fead74f25a1e264047806659d491e909435742516de2b9d333f24a,eeac4bf4cc9e2d839aa85971bffc398b53ef73cbdb9dd9c7f6fc0aa6eda64f62,653ee6a2763bfb6d9faad3b6f0a603bcff19c6b6386bd19a76666f2cd509a2fb
D09	dev	cross-component	VECTOR	0.0	慢 SQL 长时间占用连接导致业务线程阻塞	mysql-slow-query.md,thread-pool-exhaustion.md	25.6234	0.0233	25.6467	0.5000	0.5000	1.0000	1	mysql-slow-query.md,mysql-slow-query.md,mysql-slow-query.md,mysql-slow-query.md,mysql-slow-query.md,mysql-slow-query.md,mysql-slow-query.md,thread-pool-exhaustion.md,thread-pool-exhaustion.md,thread-pool-exhaustion.md,kafka-consumer-lag.md,thread-pool-exhaustion.md,kafka-consumer-lag.md,thread-pool-exhaustion.md,kafka-consumer-lag.md,kafka-consumer-lag.md,thread-pool-exhaustion.md,thread-pool-exhaustion.md,kafka-consumer-lag.md,thread-pool-exhaustion.md	4a31790f549d324205cb9fa1582f71eae4aa7eccb463d245b34231fd5dcb7969,21446f391a537a431b6196884dbb84a7918fa8f77198b70240cbbcf6efc3cc0f,0476218ca9f7a623d02341e0bec23bace9e296f047a4e6ee1a374607eec7e488,f6f412737de4e8a225d1de70f67a706f7cb0d06868b364500dc7bebe03cbb132,9a1142c566e8e08896932ef6d4a8c14f780d8cbbcb11b1678101115aa8d45789,f9bea5a3f6b04e23d7e33d676283bc857aa167d96205969a379a7ce5d65c348d,75ac93b9d9581e152d113813a22c7fb9d830eb8b91a746ded06458017e4a43d8,fe642594379bd01453a34dac80c93cbbc31cbbf3cfd25542589d4ecc3933ded1,777f56be5a5ad7e211fc5248bbfec8703690a8d3c7ce085ed92e32035dfd44c7,c86342a1f8fead74f25a1e264047806659d491e909435742516de2b9d333f24a,3a68b91a2dd18c3d0b72dbaa27c133e0f02ad064bd8b828b89d53902e20ad214,a860345a5c3aeb9902cbb01e628adc1e1057c2351d61e3304a9ded3ed568fed5,d6e7d9a9ef64e301e7875fb4b17921e6dbd033f23ea53d424c2a94e4a710dbd8,653ee6a2763bfb6d9faad3b6f0a603bcff19c6b6386bd19a76666f2cd509a2fb,eedc368fe4c73bbf596f887f1ebda7254673a19d3567cb1384014098d6160c22,e9afb755de33c52c6718454b60c892fc1e13054359d816a6a29e450f9e1399fe,eeac4bf4cc9e2d839aa85971bffc398b53ef73cbdb9dd9c7f6fc0aa6eda64f62,cc5f72b52750078c8a8f1fd8635f9dfd01a06e7e4f28bb3f6abd3301a56d7d27,99697f4e520ba733252505cfa37313c6f2dd8f1649939561e694d40f623445b0,d534bfed6ffacdcf5d3badcb333a800a21fe3d0e7f0655969b8ed03a90043c8e
D09	dev	cross-component	HYBRID	0.0	慢 SQL 长时间占用连接导致业务线程阻塞	mysql-slow-query.md,thread-pool-exhaustion.md	25.6234	0.3724	25.9958	0.5000	0.5000	1.0000	1	mysql-slow-query.md,mysql-slow-query.md,mysql-slow-query.md,mysql-slow-query.md,mysql-slow-query.md,mysql-slow-query.md,thread-pool-exhaustion.md,mysql-slow-query.md,thread-pool-exhaustion.md,thread-pool-exhaustion.md,thread-pool-exhaustion.md,thread-pool-exhaustion.md,thread-pool-exhaustion.md,kafka-consumer-lag.md,thread-pool-exhaustion.md,kafka-consumer-lag.md,thread-pool-exhaustion.md,kafka-consumer-lag.md,kafka-consumer-lag.md,kafka-consumer-lag.md	4a31790f549d324205cb9fa1582f71eae4aa7eccb463d245b34231fd5dcb7969,f9bea5a3f6b04e23d7e33d676283bc857aa167d96205969a379a7ce5d65c348d,9a1142c566e8e08896932ef6d4a8c14f780d8cbbcb11b1678101115aa8d45789,f6f412737de4e8a225d1de70f67a706f7cb0d06868b364500dc7bebe03cbb132,21446f391a537a431b6196884dbb84a7918fa8f77198b70240cbbcf6efc3cc0f,75ac93b9d9581e152d113813a22c7fb9d830eb8b91a746ded06458017e4a43d8,777f56be5a5ad7e211fc5248bbfec8703690a8d3c7ce085ed92e32035dfd44c7,0476218ca9f7a623d02341e0bec23bace9e296f047a4e6ee1a374607eec7e488,c86342a1f8fead74f25a1e264047806659d491e909435742516de2b9d333f24a,fe642594379bd01453a34dac80c93cbbc31cbbf3cfd25542589d4ecc3933ded1,d534bfed6ffacdcf5d3badcb333a800a21fe3d0e7f0655969b8ed03a90043c8e,a860345a5c3aeb9902cbb01e628adc1e1057c2351d61e3304a9ded3ed568fed5,cc5f72b52750078c8a8f1fd8635f9dfd01a06e7e4f28bb3f6abd3301a56d7d27,eedc368fe4c73bbf596f887f1ebda7254673a19d3567cb1384014098d6160c22,653ee6a2763bfb6d9faad3b6f0a603bcff19c6b6386bd19a76666f2cd509a2fb,d6e7d9a9ef64e301e7875fb4b17921e6dbd033f23ea53d424c2a94e4a710dbd8,eeac4bf4cc9e2d839aa85971bffc398b53ef73cbdb9dd9c7f6fc0aa6eda64f62,e9afb755de33c52c6718454b60c892fc1e13054359d816a6a29e450f9e1399fe,99697f4e520ba733252505cfa37313c6f2dd8f1649939561e694d40f623445b0,3a68b91a2dd18c3d0b72dbaa27c133e0f02ad064bd8b828b89d53902e20ad214
D09	dev	cross-component	HYBRID_RERANK	0.0	慢 SQL 长时间占用连接导致业务线程阻塞	mysql-slow-query.md,thread-pool-exhaustion.md	25.6234	0.7444	26.3678	0.5000	1.0000	1.0000	1	mysql-slow-query.md,mysql-slow-query.md,thread-pool-exhaustion.md,thread-pool-exhaustion.md,thread-pool-exhaustion.md,thread-pool-exhaustion.md,thread-pool-exhaustion.md,mysql-slow-query.md,mysql-slow-query.md,mysql-slow-query.md,kafka-consumer-lag.md,thread-pool-exhaustion.md,thread-pool-exhaustion.md,thread-pool-exhaustion.md,mysql-slow-query.md,mysql-slow-query.md,kafka-consumer-lag.md,kafka-consumer-lag.md,kafka-consumer-lag.md,kafka-consumer-lag.md	4a31790f549d324205cb9fa1582f71eae4aa7eccb463d245b34231fd5dcb7969,f9bea5a3f6b04e23d7e33d676283bc857aa167d96205969a379a7ce5d65c348d,777f56be5a5ad7e211fc5248bbfec8703690a8d3c7ce085ed92e32035dfd44c7,fe642594379bd01453a34dac80c93cbbc31cbbf3cfd25542589d4ecc3933ded1,c86342a1f8fead74f25a1e264047806659d491e909435742516de2b9d333f24a,d534bfed6ffacdcf5d3badcb333a800a21fe3d0e7f0655969b8ed03a90043c8e,cc5f72b52750078c8a8f1fd8635f9dfd01a06e7e4f28bb3f6abd3301a56d7d27,9a1142c566e8e08896932ef6d4a8c14f780d8cbbcb11b1678101115aa8d45789,f6f412737de4e8a225d1de70f67a706f7cb0d06868b364500dc7bebe03cbb132,75ac93b9d9581e152d113813a22c7fb9d830eb8b91a746ded06458017e4a43d8,eedc368fe4c73bbf596f887f1ebda7254673a19d3567cb1384014098d6160c22,a860345a5c3aeb9902cbb01e628adc1e1057c2351d61e3304a9ded3ed568fed5,653ee6a2763bfb6d9faad3b6f0a603bcff19c6b6386bd19a76666f2cd509a2fb,eeac4bf4cc9e2d839aa85971bffc398b53ef73cbdb9dd9c7f6fc0aa6eda64f62,21446f391a537a431b6196884dbb84a7918fa8f77198b70240cbbcf6efc3cc0f,0476218ca9f7a623d02341e0bec23bace9e296f047a4e6ee1a374607eec7e488,d6e7d9a9ef64e301e7875fb4b17921e6dbd033f23ea53d424c2a94e4a710dbd8,e9afb755de33c52c6718454b60c892fc1e13054359d816a6a29e450f9e1399fe,99697f4e520ba733252505cfa37313c6f2dd8f1649939561e694d40f623445b0,3a68b91a2dd18c3d0b72dbaa27c133e0f02ad064bd8b828b89d53902e20ad214
D09	dev	cross-component	VECTOR	0.47	慢 SQL 长时间占用连接导致业务线程阻塞	mysql-slow-query.md,thread-pool-exhaustion.md	25.6234	0.0074	25.6308	0.5000	0.5000	1.0000	1	mysql-slow-query.md,mysql-slow-query.md,mysql-slow-query.md,mysql-slow-query.md,mysql-slow-query.md,mysql-slow-query.md,mysql-slow-query.md,thread-pool-exhaustion.md,thread-pool-exhaustion.md,thread-pool-exhaustion.md,kafka-consumer-lag.md,thread-pool-exhaustion.md,kafka-consumer-lag.md,thread-pool-exhaustion.md,kafka-consumer-lag.md,kafka-consumer-lag.md,thread-pool-exhaustion.md,thread-pool-exhaustion.md,kafka-consumer-lag.md,thread-pool-exhaustion.md	4a31790f549d324205cb9fa1582f71eae4aa7eccb463d245b34231fd5dcb7969,21446f391a537a431b6196884dbb84a7918fa8f77198b70240cbbcf6efc3cc0f,0476218ca9f7a623d02341e0bec23bace9e296f047a4e6ee1a374607eec7e488,f6f412737de4e8a225d1de70f67a706f7cb0d06868b364500dc7bebe03cbb132,9a1142c566e8e08896932ef6d4a8c14f780d8cbbcb11b1678101115aa8d45789,f9bea5a3f6b04e23d7e33d676283bc857aa167d96205969a379a7ce5d65c348d,75ac93b9d9581e152d113813a22c7fb9d830eb8b91a746ded06458017e4a43d8,fe642594379bd01453a34dac80c93cbbc31cbbf3cfd25542589d4ecc3933ded1,777f56be5a5ad7e211fc5248bbfec8703690a8d3c7ce085ed92e32035dfd44c7,c86342a1f8fead74f25a1e264047806659d491e909435742516de2b9d333f24a,3a68b91a2dd18c3d0b72dbaa27c133e0f02ad064bd8b828b89d53902e20ad214,a860345a5c3aeb9902cbb01e628adc1e1057c2351d61e3304a9ded3ed568fed5,d6e7d9a9ef64e301e7875fb4b17921e6dbd033f23ea53d424c2a94e4a710dbd8,653ee6a2763bfb6d9faad3b6f0a603bcff19c6b6386bd19a76666f2cd509a2fb,eedc368fe4c73bbf596f887f1ebda7254673a19d3567cb1384014098d6160c22,e9afb755de33c52c6718454b60c892fc1e13054359d816a6a29e450f9e1399fe,eeac4bf4cc9e2d839aa85971bffc398b53ef73cbdb9dd9c7f6fc0aa6eda64f62,cc5f72b52750078c8a8f1fd8635f9dfd01a06e7e4f28bb3f6abd3301a56d7d27,99697f4e520ba733252505cfa37313c6f2dd8f1649939561e694d40f623445b0,d534bfed6ffacdcf5d3badcb333a800a21fe3d0e7f0655969b8ed03a90043c8e
D09	dev	cross-component	HYBRID	0.47	慢 SQL 长时间占用连接导致业务线程阻塞	mysql-slow-query.md,thread-pool-exhaustion.md	25.6234	0.3248	25.9482	0.5000	0.5000	1.0000	1	mysql-slow-query.md,mysql-slow-query.md,mysql-slow-query.md,mysql-slow-query.md,mysql-slow-query.md,mysql-slow-query.md,thread-pool-exhaustion.md,mysql-slow-query.md,thread-pool-exhaustion.md,thread-pool-exhaustion.md,thread-pool-exhaustion.md,thread-pool-exhaustion.md,thread-pool-exhaustion.md,kafka-consumer-lag.md,thread-pool-exhaustion.md,kafka-consumer-lag.md,thread-pool-exhaustion.md,kafka-consumer-lag.md,kafka-consumer-lag.md,kafka-consumer-lag.md	4a31790f549d324205cb9fa1582f71eae4aa7eccb463d245b34231fd5dcb7969,f9bea5a3f6b04e23d7e33d676283bc857aa167d96205969a379a7ce5d65c348d,9a1142c566e8e08896932ef6d4a8c14f780d8cbbcb11b1678101115aa8d45789,f6f412737de4e8a225d1de70f67a706f7cb0d06868b364500dc7bebe03cbb132,21446f391a537a431b6196884dbb84a7918fa8f77198b70240cbbcf6efc3cc0f,75ac93b9d9581e152d113813a22c7fb9d830eb8b91a746ded06458017e4a43d8,777f56be5a5ad7e211fc5248bbfec8703690a8d3c7ce085ed92e32035dfd44c7,0476218ca9f7a623d02341e0bec23bace9e296f047a4e6ee1a374607eec7e488,c86342a1f8fead74f25a1e264047806659d491e909435742516de2b9d333f24a,fe642594379bd01453a34dac80c93cbbc31cbbf3cfd25542589d4ecc3933ded1,d534bfed6ffacdcf5d3badcb333a800a21fe3d0e7f0655969b8ed03a90043c8e,a860345a5c3aeb9902cbb01e628adc1e1057c2351d61e3304a9ded3ed568fed5,cc5f72b52750078c8a8f1fd8635f9dfd01a06e7e4f28bb3f6abd3301a56d7d27,eedc368fe4c73bbf596f887f1ebda7254673a19d3567cb1384014098d6160c22,653ee6a2763bfb6d9faad3b6f0a603bcff19c6b6386bd19a76666f2cd509a2fb,d6e7d9a9ef64e301e7875fb4b17921e6dbd033f23ea53d424c2a94e4a710dbd8,eeac4bf4cc9e2d839aa85971bffc398b53ef73cbdb9dd9c7f6fc0aa6eda64f62,e9afb755de33c52c6718454b60c892fc1e13054359d816a6a29e450f9e1399fe,99697f4e520ba733252505cfa37313c6f2dd8f1649939561e694d40f623445b0,3a68b91a2dd18c3d0b72dbaa27c133e0f02ad064bd8b828b89d53902e20ad214
D09	dev	cross-component	HYBRID_RERANK	0.47	慢 SQL 长时间占用连接导致业务线程阻塞	mysql-slow-query.md,thread-pool-exhaustion.md	25.6234	0.7355	26.3589	0.5000	1.0000	1.0000	1	mysql-slow-query.md,mysql-slow-query.md,thread-pool-exhaustion.md,thread-pool-exhaustion.md,thread-pool-exhaustion.md,thread-pool-exhaustion.md,thread-pool-exhaustion.md,mysql-slow-query.md,mysql-slow-query.md,mysql-slow-query.md,kafka-consumer-lag.md,thread-pool-exhaustion.md,thread-pool-exhaustion.md,thread-pool-exhaustion.md,mysql-slow-query.md,mysql-slow-query.md,kafka-consumer-lag.md,kafka-consumer-lag.md,kafka-consumer-lag.md,kafka-consumer-lag.md	4a31790f549d324205cb9fa1582f71eae4aa7eccb463d245b34231fd5dcb7969,f9bea5a3f6b04e23d7e33d676283bc857aa167d96205969a379a7ce5d65c348d,777f56be5a5ad7e211fc5248bbfec8703690a8d3c7ce085ed92e32035dfd44c7,fe642594379bd01453a34dac80c93cbbc31cbbf3cfd25542589d4ecc3933ded1,c86342a1f8fead74f25a1e264047806659d491e909435742516de2b9d333f24a,d534bfed6ffacdcf5d3badcb333a800a21fe3d0e7f0655969b8ed03a90043c8e,cc5f72b52750078c8a8f1fd8635f9dfd01a06e7e4f28bb3f6abd3301a56d7d27,9a1142c566e8e08896932ef6d4a8c14f780d8cbbcb11b1678101115aa8d45789,f6f412737de4e8a225d1de70f67a706f7cb0d06868b364500dc7bebe03cbb132,75ac93b9d9581e152d113813a22c7fb9d830eb8b91a746ded06458017e4a43d8,eedc368fe4c73bbf596f887f1ebda7254673a19d3567cb1384014098d6160c22,a860345a5c3aeb9902cbb01e628adc1e1057c2351d61e3304a9ded3ed568fed5,653ee6a2763bfb6d9faad3b6f0a603bcff19c6b6386bd19a76666f2cd509a2fb,eeac4bf4cc9e2d839aa85971bffc398b53ef73cbdb9dd9c7f6fc0aa6eda64f62,21446f391a537a431b6196884dbb84a7918fa8f77198b70240cbbcf6efc3cc0f,0476218ca9f7a623d02341e0bec23bace9e296f047a4e6ee1a374607eec7e488,d6e7d9a9ef64e301e7875fb4b17921e6dbd033f23ea53d424c2a94e4a710dbd8,e9afb755de33c52c6718454b60c892fc1e13054359d816a6a29e450f9e1399fe,99697f4e520ba733252505cfa37313c6f2dd8f1649939561e694d40f623445b0,3a68b91a2dd18c3d0b72dbaa27c133e0f02ad064bd8b828b89d53902e20ad214
V01	validation	plan	VECTOR	0.0	执行器没有空闲线程	thread-pool-exhaustion.md	25.1179	0.0194	25.1373	1.0000	1.0000	1.0000	1	thread-pool-exhaustion.md,thread-pool-exhaustion.md,thread-pool-exhaustion.md,thread-pool-exhaustion.md,thread-pool-exhaustion.md,thread-pool-exhaustion.md,thread-pool-exhaustion.md,thread-pool-exhaustion.md,kafka-consumer-lag.md,kafka-consumer-lag.md,mysql-slow-query.md,mysql-slow-query.md,mysql-slow-query.md,mysql-slow-query.md,kafka-consumer-lag.md,kafka-consumer-lag.md,kafka-consumer-lag.md,kafka-consumer-lag.md,mysql-slow-query.md,kafka-consumer-lag.md	d534bfed6ffacdcf5d3badcb333a800a21fe3d0e7f0655969b8ed03a90043c8e,cc5f72b52750078c8a8f1fd8635f9dfd01a06e7e4f28bb3f6abd3301a56d7d27,a860345a5c3aeb9902cbb01e628adc1e1057c2351d61e3304a9ded3ed568fed5,c86342a1f8fead74f25a1e264047806659d491e909435742516de2b9d333f24a,eeac4bf4cc9e2d839aa85971bffc398b53ef73cbdb9dd9c7f6fc0aa6eda64f62,fe642594379bd01453a34dac80c93cbbc31cbbf3cfd25542589d4ecc3933ded1,653ee6a2763bfb6d9faad3b6f0a603bcff19c6b6386bd19a76666f2cd509a2fb,777f56be5a5ad7e211fc5248bbfec8703690a8d3c7ce085ed92e32035dfd44c7,e9afb755de33c52c6718454b60c892fc1e13054359d816a6a29e450f9e1399fe,3a68b91a2dd18c3d0b72dbaa27c133e0f02ad064bd8b828b89d53902e20ad214,f9bea5a3f6b04e23d7e33d676283bc857aa167d96205969a379a7ce5d65c348d,75ac93b9d9581e152d113813a22c7fb9d830eb8b91a746ded06458017e4a43d8,21446f391a537a431b6196884dbb84a7918fa8f77198b70240cbbcf6efc3cc0f,4a31790f549d324205cb9fa1582f71eae4aa7eccb463d245b34231fd5dcb7969,eedc368fe4c73bbf596f887f1ebda7254673a19d3567cb1384014098d6160c22,80ea04bfe5af4b02ddd52dfc87886771db9c2127bd10ef4083cbc85a0762afa6,99697f4e520ba733252505cfa37313c6f2dd8f1649939561e694d40f623445b0,d6e7d9a9ef64e301e7875fb4b17921e6dbd033f23ea53d424c2a94e4a710dbd8,f6f412737de4e8a225d1de70f67a706f7cb0d06868b364500dc7bebe03cbb132,205cf5078583c5d03efa084da7e227abbaa9139444d5f7720e1e74f40e7244bd
V01	validation	plan	HYBRID	0.0	执行器没有空闲线程	thread-pool-exhaustion.md	25.1179	0.3387	25.4566	1.0000	1.0000	1.0000	1	thread-pool-exhaustion.md,thread-pool-exhaustion.md,thread-pool-exhaustion.md,thread-pool-exhaustion.md,kafka-consumer-lag.md,mysql-slow-query.md,thread-pool-exhaustion.md,thread-pool-exhaustion.md,thread-pool-exhaustion.md,thread-pool-exhaustion.md,mysql-slow-query.md,mysql-slow-query.md,mysql-slow-query.md,kafka-consumer-lag.md,kafka-consumer-lag.md,kafka-consumer-lag.md,kafka-consumer-lag.md,kafka-consumer-lag.md,mysql-slow-query.md,kafka-consumer-lag.md	d534bfed6ffacdcf5d3badcb333a800a21fe3d0e7f0655969b8ed03a90043c8e,cc5f72b52750078c8a8f1fd8635f9dfd01a06e7e4f28bb3f6abd3301a56d7d27,fe642594379bd01453a34dac80c93cbbc31cbbf3cfd25542589d4ecc3933ded1,a860345a5c3aeb9902cbb01e628adc1e1057c2351d61e3304a9ded3ed568fed5,e9afb755de33c52c6718454b60c892fc1e13054359d816a6a29e450f9e1399fe,f9bea5a3f6b04e23d7e33d676283bc857aa167d96205969a379a7ce5d65c348d,eeac4bf4cc9e2d839aa85971bffc398b53ef73cbdb9dd9c7f6fc0aa6eda64f62,777f56be5a5ad7e211fc5248bbfec8703690a8d3c7ce085ed92e32035dfd44c7,653ee6a2763bfb6d9faad3b6f0a603bcff19c6b6386bd19a76666f2cd509a2fb,c86342a1f8fead74f25a1e264047806659d491e909435742516de2b9d333f24a,75ac93b9d9581e152d113813a22c7fb9d830eb8b91a746ded06458017e4a43d8,21446f391a537a431b6196884dbb84a7918fa8f77198b70240cbbcf6efc3cc0f,4a31790f549d324205cb9fa1582f71eae4aa7eccb463d245b34231fd5dcb7969,eedc368fe4c73bbf596f887f1ebda7254673a19d3567cb1384014098d6160c22,3a68b91a2dd18c3d0b72dbaa27c133e0f02ad064bd8b828b89d53902e20ad214,80ea04bfe5af4b02ddd52dfc87886771db9c2127bd10ef4083cbc85a0762afa6,99697f4e520ba733252505cfa37313c6f2dd8f1649939561e694d40f623445b0,d6e7d9a9ef64e301e7875fb4b17921e6dbd033f23ea53d424c2a94e4a710dbd8,f6f412737de4e8a225d1de70f67a706f7cb0d06868b364500dc7bebe03cbb132,205cf5078583c5d03efa084da7e227abbaa9139444d5f7720e1e74f40e7244bd
V01	validation	plan	HYBRID_RERANK	0.0	执行器没有空闲线程	thread-pool-exhaustion.md	25.1179	0.7646	25.8825	1.0000	1.0000	1.0000	1	thread-pool-exhaustion.md,thread-pool-exhaustion.md,thread-pool-exhaustion.md,kafka-consumer-lag.md,mysql-slow-query.md,thread-pool-exhaustion.md,thread-pool-exhaustion.md,thread-pool-exhaustion.md,thread-pool-exhaustion.md,thread-pool-exhaustion.md,mysql-slow-query.md,mysql-slow-query.md,mysql-slow-query.md,kafka-consumer-lag.md,kafka-consumer-lag.md,kafka-consumer-lag.md,kafka-consumer-lag.md,kafka-consumer-lag.md,mysql-slow-query.md,kafka-consumer-lag.md	d534bfed6ffacdcf5d3badcb333a800a21fe3d0e7f0655969b8ed03a90043c8e,cc5f72b52750078c8a8f1fd8635f9dfd01a06e7e4f28bb3f6abd3301a56d7d27,fe642594379bd01453a34dac80c93cbbc31cbbf3cfd25542589d4ecc3933ded1,e9afb755de33c52c6718454b60c892fc1e13054359d816a6a29e450f9e1399fe,f9bea5a3f6b04e23d7e33d676283bc857aa167d96205969a379a7ce5d65c348d,a860345a5c3aeb9902cbb01e628adc1e1057c2351d61e3304a9ded3ed568fed5,eeac4bf4cc9e2d839aa85971bffc398b53ef73cbdb9dd9c7f6fc0aa6eda64f62,777f56be5a5ad7e211fc5248bbfec8703690a8d3c7ce085ed92e32035dfd44c7,653ee6a2763bfb6d9faad3b6f0a603bcff19c6b6386bd19a76666f2cd509a2fb,c86342a1f8fead74f25a1e264047806659d491e909435742516de2b9d333f24a,75ac93b9d9581e152d113813a22c7fb9d830eb8b91a746ded06458017e4a43d8,21446f391a537a431b6196884dbb84a7918fa8f77198b70240cbbcf6efc3cc0f,4a31790f549d324205cb9fa1582f71eae4aa7eccb463d245b34231fd5dcb7969,eedc368fe4c73bbf596f887f1ebda7254673a19d3567cb1384014098d6160c22,3a68b91a2dd18c3d0b72dbaa27c133e0f02ad064bd8b828b89d53902e20ad214,80ea04bfe5af4b02ddd52dfc87886771db9c2127bd10ef4083cbc85a0762afa6,99697f4e520ba733252505cfa37313c6f2dd8f1649939561e694d40f623445b0,d6e7d9a9ef64e301e7875fb4b17921e6dbd033f23ea53d424c2a94e4a710dbd8,f6f412737de4e8a225d1de70f67a706f7cb0d06868b364500dc7bebe03cbb132,205cf5078583c5d03efa084da7e227abbaa9139444d5f7720e1e74f40e7244bd
V01	validation	plan	VECTOR	0.47	执行器没有空闲线程	thread-pool-exhaustion.md	25.1179	0.0079	25.1258	1.0000	1.0000	1.0000	1	thread-pool-exhaustion.md,thread-pool-exhaustion.md,thread-pool-exhaustion.md,thread-pool-exhaustion.md,thread-pool-exhaustion.md,thread-pool-exhaustion.md,thread-pool-exhaustion.md,thread-pool-exhaustion.md,kafka-consumer-lag.md	d534bfed6ffacdcf5d3badcb333a800a21fe3d0e7f0655969b8ed03a90043c8e,cc5f72b52750078c8a8f1fd8635f9dfd01a06e7e4f28bb3f6abd3301a56d7d27,a860345a5c3aeb9902cbb01e628adc1e1057c2351d61e3304a9ded3ed568fed5,c86342a1f8fead74f25a1e264047806659d491e909435742516de2b9d333f24a,eeac4bf4cc9e2d839aa85971bffc398b53ef73cbdb9dd9c7f6fc0aa6eda64f62,fe642594379bd01453a34dac80c93cbbc31cbbf3cfd25542589d4ecc3933ded1,653ee6a2763bfb6d9faad3b6f0a603bcff19c6b6386bd19a76666f2cd509a2fb,777f56be5a5ad7e211fc5248bbfec8703690a8d3c7ce085ed92e32035dfd44c7,e9afb755de33c52c6718454b60c892fc1e13054359d816a6a29e450f9e1399fe
V01	validation	plan	HYBRID	0.47	执行器没有空闲线程	thread-pool-exhaustion.md	25.1179	0.3054	25.4233	1.0000	1.0000	1.0000	1	thread-pool-exhaustion.md,thread-pool-exhaustion.md,thread-pool-exhaustion.md,thread-pool-exhaustion.md,kafka-consumer-lag.md,thread-pool-exhaustion.md,thread-pool-exhaustion.md,thread-pool-exhaustion.md,thread-pool-exhaustion.md	d534bfed6ffacdcf5d3badcb333a800a21fe3d0e7f0655969b8ed03a90043c8e,cc5f72b52750078c8a8f1fd8635f9dfd01a06e7e4f28bb3f6abd3301a56d7d27,fe642594379bd01453a34dac80c93cbbc31cbbf3cfd25542589d4ecc3933ded1,a860345a5c3aeb9902cbb01e628adc1e1057c2351d61e3304a9ded3ed568fed5,e9afb755de33c52c6718454b60c892fc1e13054359d816a6a29e450f9e1399fe,eeac4bf4cc9e2d839aa85971bffc398b53ef73cbdb9dd9c7f6fc0aa6eda64f62,777f56be5a5ad7e211fc5248bbfec8703690a8d3c7ce085ed92e32035dfd44c7,653ee6a2763bfb6d9faad3b6f0a603bcff19c6b6386bd19a76666f2cd509a2fb,c86342a1f8fead74f25a1e264047806659d491e909435742516de2b9d333f24a
V01	validation	plan	HYBRID_RERANK	0.47	执行器没有空闲线程	thread-pool-exhaustion.md	25.1179	0.4583	25.5762	1.0000	1.0000	1.0000	1	thread-pool-exhaustion.md,thread-pool-exhaustion.md,thread-pool-exhaustion.md,kafka-consumer-lag.md,thread-pool-exhaustion.md,thread-pool-exhaustion.md,thread-pool-exhaustion.md,thread-pool-exhaustion.md,thread-pool-exhaustion.md	d534bfed6ffacdcf5d3badcb333a800a21fe3d0e7f0655969b8ed03a90043c8e,cc5f72b52750078c8a8f1fd8635f9dfd01a06e7e4f28bb3f6abd3301a56d7d27,fe642594379bd01453a34dac80c93cbbc31cbbf3cfd25542589d4ecc3933ded1,e9afb755de33c52c6718454b60c892fc1e13054359d816a6a29e450f9e1399fe,a860345a5c3aeb9902cbb01e628adc1e1057c2351d61e3304a9ded3ed568fed5,eeac4bf4cc9e2d839aa85971bffc398b53ef73cbdb9dd9c7f6fc0aa6eda64f62,777f56be5a5ad7e211fc5248bbfec8703690a8d3c7ce085ed92e32035dfd44c7,653ee6a2763bfb6d9faad3b6f0a603bcff19c6b6386bd19a76666f2cd509a2fb,c86342a1f8fead74f25a1e264047806659d491e909435742516de2b9d333f24a
V02	validation	plan	VECTOR	0.0	消费速度赶不上生产速度	kafka-consumer-lag.md	24.2069	0.0198	24.2267	1.0000	1.0000	1.0000	1	kafka-consumer-lag.md,kafka-consumer-lag.md,kafka-consumer-lag.md,kafka-consumer-lag.md,kafka-consumer-lag.md,kafka-consumer-lag.md,kafka-consumer-lag.md,kafka-consumer-lag.md,thread-pool-exhaustion.md,thread-pool-exhaustion.md,mysql-slow-query.md,thread-pool-exhaustion.md,mysql-slow-query.md,mysql-slow-query.md,thread-pool-exhaustion.md,mysql-slow-query.md,thread-pool-exhaustion.md,mysql-slow-query.md,thread-pool-exhaustion.md,thread-pool-exhaustion.md	eedc368fe4c73bbf596f887f1ebda7254673a19d3567cb1384014098d6160c22,205cf5078583c5d03efa084da7e227abbaa9139444d5f7720e1e74f40e7244bd,3a68b91a2dd18c3d0b72dbaa27c133e0f02ad064bd8b828b89d53902e20ad214,99697f4e520ba733252505cfa37313c6f2dd8f1649939561e694d40f623445b0,d6e7d9a9ef64e301e7875fb4b17921e6dbd033f23ea53d424c2a94e4a710dbd8,feeb63b6d9784b7c4377a01e6be53fd810b4763166083e3e4e18d22af53ecf57,80ea04bfe5af4b02ddd52dfc87886771db9c2127bd10ef4083cbc85a0762afa6,e9afb755de33c52c6718454b60c892fc1e13054359d816a6a29e450f9e1399fe,777f56be5a5ad7e211fc5248bbfec8703690a8d3c7ce085ed92e32035dfd44c7,a860345a5c3aeb9902cbb01e628adc1e1057c2351d61e3304a9ded3ed568fed5,21446f391a537a431b6196884dbb84a7918fa8f77198b70240cbbcf6efc3cc0f,fe642594379bd01453a34dac80c93cbbc31cbbf3cfd25542589d4ecc3933ded1,4a31790f549d324205cb9fa1582f71eae4aa7eccb463d245b34231fd5dcb7969,f6f412737de4e8a225d1de70f67a706f7cb0d06868b364500dc7bebe03cbb132,c86342a1f8fead74f25a1e264047806659d491e909435742516de2b9d333f24a,f9bea5a3f6b04e23d7e33d676283bc857aa167d96205969a379a7ce5d65c348d,653ee6a2763bfb6d9faad3b6f0a603bcff19c6b6386bd19a76666f2cd509a2fb,9a1142c566e8e08896932ef6d4a8c14f780d8cbbcb11b1678101115aa8d45789,cc5f72b52750078c8a8f1fd8635f9dfd01a06e7e4f28bb3f6abd3301a56d7d27,eeac4bf4cc9e2d839aa85971bffc398b53ef73cbdb9dd9c7f6fc0aa6eda64f62
V02	validation	plan	HYBRID	0.0	消费速度赶不上生产速度	kafka-consumer-lag.md	24.2069	0.3330	24.5399	1.0000	1.0000	1.0000	1	kafka-consumer-lag.md,kafka-consumer-lag.md,kafka-consumer-lag.md,kafka-consumer-lag.md,kafka-consumer-lag.md,kafka-consumer-lag.md,kafka-consumer-lag.md,thread-pool-exhaustion.md,thread-pool-exhaustion.md,kafka-consumer-lag.md,thread-pool-exhaustion.md,mysql-slow-query.md,mysql-slow-query.md,mysql-slow-query.md,thread-pool-exhaustion.md,mysql-slow-query.md,thread-pool-exhaustion.md,mysql-slow-query.md,thread-pool-exhaustion.md,thread-pool-exhaustion.md	eedc368fe4c73bbf596f887f1ebda7254673a19d3567cb1384014098d6160c22,205cf5078583c5d03efa084da7e227abbaa9139444d5f7720e1e74f40e7244bd,3a68b91a2dd18c3d0b72dbaa27c133e0f02ad064bd8b828b89d53902e20ad214,feeb63b6d9784b7c4377a01e6be53fd810b4763166083e3e4e18d22af53ecf57,d6e7d9a9ef64e301e7875fb4b17921e6dbd033f23ea53d424c2a94e4a710dbd8,99697f4e520ba733252505cfa37313c6f2dd8f1649939561e694d40f623445b0,80ea04bfe5af4b02ddd52dfc87886771db9c2127bd10ef4083cbc85a0762afa6,777f56be5a5ad7e211fc5248bbfec8703690a8d3c7ce085ed92e32035dfd44c7,fe642594379bd01453a34dac80c93cbbc31cbbf3cfd25542589d4ecc3933ded1,e9afb755de33c52c6718454b60c892fc1e13054359d816a6a29e450f9e1399fe,a860345a5c3aeb9902cbb01e628adc1e1057c2351d61e3304a9ded3ed568fed5,21446f391a537a431b6196884dbb84a7918fa8f77198b70240cbbcf6efc3cc0f,4a31790f549d324205cb9fa1582f71eae4aa7eccb463d245b34231fd5dcb7969,f6f412737de4e8a225d1de70f67a706f7cb0d06868b364500dc7bebe03cbb132,c86342a1f8fead74f25a1e264047806659d491e909435742516de2b9d333f24a,f9bea5a3f6b04e23d7e33d676283bc857aa167d96205969a379a7ce5d65c348d,653ee6a2763bfb6d9faad3b6f0a603bcff19c6b6386bd19a76666f2cd509a2fb,9a1142c566e8e08896932ef6d4a8c14f780d8cbbcb11b1678101115aa8d45789,cc5f72b52750078c8a8f1fd8635f9dfd01a06e7e4f28bb3f6abd3301a56d7d27,eeac4bf4cc9e2d839aa85971bffc398b53ef73cbdb9dd9c7f6fc0aa6eda64f62
V02	validation	plan	HYBRID_RERANK	0.0	消费速度赶不上生产速度	kafka-consumer-lag.md	24.2069	0.7153	24.9222	1.0000	1.0000	1.0000	1	kafka-consumer-lag.md,kafka-consumer-lag.md,kafka-consumer-lag.md,kafka-consumer-lag.md,kafka-consumer-lag.md,kafka-consumer-lag.md,thread-pool-exhaustion.md,kafka-consumer-lag.md,thread-pool-exhaustion.md,kafka-consumer-lag.md,thread-pool-exhaustion.md,mysql-slow-query.md,mysql-slow-query.md,mysql-slow-query.md,thread-pool-exhaustion.md,mysql-slow-query.md,thread-pool-exhaustion.md,mysql-slow-query.md,thread-pool-exhaustion.md,thread-pool-exhaustion.md	eedc368fe4c73bbf596f887f1ebda7254673a19d3567cb1384014098d6160c22,feeb63b6d9784b7c4377a01e6be53fd810b4763166083e3e4e18d22af53ecf57,205cf5078583c5d03efa084da7e227abbaa9139444d5f7720e1e74f40e7244bd,3a68b91a2dd18c3d0b72dbaa27c133e0f02ad064bd8b828b89d53902e20ad214,d6e7d9a9ef64e301e7875fb4b17921e6dbd033f23ea53d424c2a94e4a710dbd8,80ea04bfe5af4b02ddd52dfc87886771db9c2127bd10ef4083cbc85a0762afa6,777f56be5a5ad7e211fc5248bbfec8703690a8d3c7ce085ed92e32035dfd44c7,99697f4e520ba733252505cfa37313c6f2dd8f1649939561e694d40f623445b0,fe642594379bd01453a34dac80c93cbbc31cbbf3cfd25542589d4ecc3933ded1,e9afb755de33c52c6718454b60c892fc1e13054359d816a6a29e450f9e1399fe,a860345a5c3aeb9902cbb01e628adc1e1057c2351d61e3304a9ded3ed568fed5,21446f391a537a431b6196884dbb84a7918fa8f77198b70240cbbcf6efc3cc0f,4a31790f549d324205cb9fa1582f71eae4aa7eccb463d245b34231fd5dcb7969,f6f412737de4e8a225d1de70f67a706f7cb0d06868b364500dc7bebe03cbb132,c86342a1f8fead74f25a1e264047806659d491e909435742516de2b9d333f24a,f9bea5a3f6b04e23d7e33d676283bc857aa167d96205969a379a7ce5d65c348d,653ee6a2763bfb6d9faad3b6f0a603bcff19c6b6386bd19a76666f2cd509a2fb,9a1142c566e8e08896932ef6d4a8c14f780d8cbbcb11b1678101115aa8d45789,cc5f72b52750078c8a8f1fd8635f9dfd01a06e7e4f28bb3f6abd3301a56d7d27,eeac4bf4cc9e2d839aa85971bffc398b53ef73cbdb9dd9c7f6fc0aa6eda64f62
V02	validation	plan	VECTOR	0.47	消费速度赶不上生产速度	kafka-consumer-lag.md	24.2069	0.0062	24.2131	1.0000	1.0000	1.0000	1	kafka-consumer-lag.md,kafka-consumer-lag.md,kafka-consumer-lag.md,kafka-consumer-lag.md,kafka-consumer-lag.md,kafka-consumer-lag.md,kafka-consumer-lag.md,kafka-consumer-lag.md,thread-pool-exhaustion.md,thread-pool-exhaustion.md	eedc368fe4c73bbf596f887f1ebda7254673a19d3567cb1384014098d6160c22,205cf5078583c5d03efa084da7e227abbaa9139444d5f7720e1e74f40e7244bd,3a68b91a2dd18c3d0b72dbaa27c133e0f02ad064bd8b828b89d53902e20ad214,99697f4e520ba733252505cfa37313c6f2dd8f1649939561e694d40f623445b0,d6e7d9a9ef64e301e7875fb4b17921e6dbd033f23ea53d424c2a94e4a710dbd8,feeb63b6d9784b7c4377a01e6be53fd810b4763166083e3e4e18d22af53ecf57,80ea04bfe5af4b02ddd52dfc87886771db9c2127bd10ef4083cbc85a0762afa6,e9afb755de33c52c6718454b60c892fc1e13054359d816a6a29e450f9e1399fe,777f56be5a5ad7e211fc5248bbfec8703690a8d3c7ce085ed92e32035dfd44c7,a860345a5c3aeb9902cbb01e628adc1e1057c2351d61e3304a9ded3ed568fed5
V02	validation	plan	HYBRID	0.47	消费速度赶不上生产速度	kafka-consumer-lag.md	24.2069	0.2893	24.4962	1.0000	1.0000	1.0000	1	kafka-consumer-lag.md,kafka-consumer-lag.md,kafka-consumer-lag.md,kafka-consumer-lag.md,kafka-consumer-lag.md,kafka-consumer-lag.md,kafka-consumer-lag.md,thread-pool-exhaustion.md,kafka-consumer-lag.md,thread-pool-exhaustion.md	eedc368fe4c73bbf596f887f1ebda7254673a19d3567cb1384014098d6160c22,205cf5078583c5d03efa084da7e227abbaa9139444d5f7720e1e74f40e7244bd,3a68b91a2dd18c3d0b72dbaa27c133e0f02ad064bd8b828b89d53902e20ad214,feeb63b6d9784b7c4377a01e6be53fd810b4763166083e3e4e18d22af53ecf57,d6e7d9a9ef64e301e7875fb4b17921e6dbd033f23ea53d424c2a94e4a710dbd8,99697f4e520ba733252505cfa37313c6f2dd8f1649939561e694d40f623445b0,80ea04bfe5af4b02ddd52dfc87886771db9c2127bd10ef4083cbc85a0762afa6,777f56be5a5ad7e211fc5248bbfec8703690a8d3c7ce085ed92e32035dfd44c7,e9afb755de33c52c6718454b60c892fc1e13054359d816a6a29e450f9e1399fe,a860345a5c3aeb9902cbb01e628adc1e1057c2351d61e3304a9ded3ed568fed5
V02	validation	plan	HYBRID_RERANK	0.47	消费速度赶不上生产速度	kafka-consumer-lag.md	24.2069	0.4883	24.6952	1.0000	1.0000	1.0000	1	kafka-consumer-lag.md,kafka-consumer-lag.md,kafka-consumer-lag.md,kafka-consumer-lag.md,kafka-consumer-lag.md,kafka-consumer-lag.md,thread-pool-exhaustion.md,kafka-consumer-lag.md,kafka-consumer-lag.md,thread-pool-exhaustion.md	eedc368fe4c73bbf596f887f1ebda7254673a19d3567cb1384014098d6160c22,feeb63b6d9784b7c4377a01e6be53fd810b4763166083e3e4e18d22af53ecf57,205cf5078583c5d03efa084da7e227abbaa9139444d5f7720e1e74f40e7244bd,3a68b91a2dd18c3d0b72dbaa27c133e0f02ad064bd8b828b89d53902e20ad214,d6e7d9a9ef64e301e7875fb4b17921e6dbd033f23ea53d424c2a94e4a710dbd8,80ea04bfe5af4b02ddd52dfc87886771db9c2127bd10ef4083cbc85a0762afa6,777f56be5a5ad7e211fc5248bbfec8703690a8d3c7ce085ed92e32035dfd44c7,99697f4e520ba733252505cfa37313c6f2dd8f1649939561e694d40f623445b0,e9afb755de33c52c6718454b60c892fc1e13054359d816a6a29e450f9e1399fe,a860345a5c3aeb9902cbb01e628adc1e1057c2351d61e3304a9ded3ed568fed5
V03	validation	plan	VECTOR	0.0	DB P99 暴涨	mysql-slow-query.md	24.8443	0.0179	24.8622	1.0000	1.0000	1.0000	1	mysql-slow-query.md,mysql-slow-query.md,mysql-slow-query.md,mysql-slow-query.md,kafka-consumer-lag.md,kafka-consumer-lag.md,kafka-consumer-lag.md,thread-pool-exhaustion.md,mysql-slow-query.md,thread-pool-exhaustion.md,mysql-slow-query.md,thread-pool-exhaustion.md,kafka-consumer-lag.md,kafka-consumer-lag.md,thread-pool-exhaustion.md,kafka-consumer-lag.md,thread-pool-exhaustion.md,kafka-consumer-lag.md,kafka-consumer-lag.md,mysql-slow-query.md	f6f412737de4e8a225d1de70f67a706f7cb0d06868b364500dc7bebe03cbb132,75ac93b9d9581e152d113813a22c7fb9d830eb8b91a746ded06458017e4a43d8,9a1142c566e8e08896932ef6d4a8c14f780d8cbbcb11b1678101115aa8d45789,4a31790f549d324205cb9fa1582f71eae4aa7eccb463d245b34231fd5dcb7969,3a68b91a2dd18c3d0b72dbaa27c133e0f02ad064bd8b828b89d53902e20ad214,eedc368fe4c73bbf596f887f1ebda7254673a19d3567cb1384014098d6160c22,e9afb755de33c52c6718454b60c892fc1e13054359d816a6a29e450f9e1399fe,c86342a1f8fead74f25a1e264047806659d491e909435742516de2b9d333f24a,f9bea5a3f6b04e23d7e33d676283bc857aa167d96205969a379a7ce5d65c348d,eeac4bf4cc9e2d839aa85971bffc398b53ef73cbdb9dd9c7f6fc0aa6eda64f62,21446f391a537a431b6196884dbb84a7918fa8f77198b70240cbbcf6efc3cc0f,a860345a5c3aeb9902cbb01e628adc1e1057c2351d61e3304a9ded3ed568fed5,d6e7d9a9ef64e301e7875fb4b17921e6dbd033f23ea53d424c2a94e4a710dbd8,205cf5078583c5d03efa084da7e227abbaa9139444d5f7720e1e74f40e7244bd,777f56be5a5ad7e211fc5248bbfec8703690a8d3c7ce085ed92e32035dfd44c7,99697f4e520ba733252505cfa37313c6f2dd8f1649939561e694d40f623445b0,cc5f72b52750078c8a8f1fd8635f9dfd01a06e7e4f28bb3f6abd3301a56d7d27,80ea04bfe5af4b02ddd52dfc87886771db9c2127bd10ef4083cbc85a0762afa6,feeb63b6d9784b7c4377a01e6be53fd810b4763166083e3e4e18d22af53ecf57,0476218ca9f7a623d02341e0bec23bace9e296f047a4e6ee1a374607eec7e488
V03	validation	plan	HYBRID	0.0	DB P99 暴涨	mysql-slow-query.md	24.8443	0.3503	25.1946	1.0000	1.0000	1.0000	1	mysql-slow-query.md,mysql-slow-query.md,mysql-slow-query.md,mysql-slow-query.md,thread-pool-exhaustion.md,thread-pool-exhaustion.md,kafka-consumer-lag.md,kafka-consumer-lag.md,kafka-consumer-lag.md,mysql-slow-query.md,thread-pool-exhaustion.md,mysql-slow-query.md,thread-pool-exhaustion.md,kafka-consumer-lag.md,kafka-consumer-lag.md,thread-pool-exhaustion.md,kafka-consumer-lag.md,kafka-consumer-lag.md,kafka-consumer-lag.md,mysql-slow-query.md	f6f412737de4e8a225d1de70f67a706f7cb0d06868b364500dc7bebe03cbb132,75ac93b9d9581e152d113813a22c7fb9d830eb8b91a746ded06458017e4a43d8,9a1142c566e8e08896932ef6d4a8c14f780d8cbbcb11b1678101115aa8d45789,4a31790f549d324205cb9fa1582f71eae4aa7eccb463d245b34231fd5dcb7969,c86342a1f8fead74f25a1e264047806659d491e909435742516de2b9d333f24a,cc5f72b52750078c8a8f1fd8635f9dfd01a06e7e4f28bb3f6abd3301a56d7d27,3a68b91a2dd18c3d0b72dbaa27c133e0f02ad064bd8b828b89d53902e20ad214,eedc368fe4c73bbf596f887f1ebda7254673a19d3567cb1384014098d6160c22,e9afb755de33c52c6718454b60c892fc1e13054359d816a6a29e450f9e1399fe,f9bea5a3f6b04e23d7e33d676283bc857aa167d96205969a379a7ce5d65c348d,eeac4bf4cc9e2d839aa85971bffc398b53ef73cbdb9dd9c7f6fc0aa6eda64f62,21446f391a537a431b6196884dbb84a7918fa8f77198b70240cbbcf6efc3cc0f,a860345a5c3aeb9902cbb01e628adc1e1057c2351d61e3304a9ded3ed568fed5,d6e7d9a9ef64e301e7875fb4b17921e6dbd033f23ea53d424c2a94e4a710dbd8,205cf5078583c5d03efa084da7e227abbaa9139444d5f7720e1e74f40e7244bd,777f56be5a5ad7e211fc5248bbfec8703690a8d3c7ce085ed92e32035dfd44c7,99697f4e520ba733252505cfa37313c6f2dd8f1649939561e694d40f623445b0,80ea04bfe5af4b02ddd52dfc87886771db9c2127bd10ef4083cbc85a0762afa6,feeb63b6d9784b7c4377a01e6be53fd810b4763166083e3e4e18d22af53ecf57,0476218ca9f7a623d02341e0bec23bace9e296f047a4e6ee1a374607eec7e488
V03	validation	plan	HYBRID_RERANK	0.0	DB P99 暴涨	mysql-slow-query.md	24.8443	0.7286	25.5729	1.0000	1.0000	1.0000	1	mysql-slow-query.md,mysql-slow-query.md,mysql-slow-query.md,mysql-slow-query.md,thread-pool-exhaustion.md,thread-pool-exhaustion.md,kafka-consumer-lag.md,kafka-consumer-lag.md,kafka-consumer-lag.md,mysql-slow-query.md,thread-pool-exhaustion.md,mysql-slow-query.md,thread-pool-exhaustion.md,kafka-consumer-lag.md,kafka-consumer-lag.md,thread-pool-exhaustion.md,kafka-consumer-lag.md,kafka-consumer-lag.md,kafka-consumer-lag.md,mysql-slow-query.md	f6f412737de4e8a225d1de70f67a706f7cb0d06868b364500dc7bebe03cbb132,75ac93b9d9581e152d113813a22c7fb9d830eb8b91a746ded06458017e4a43d8,4a31790f549d324205cb9fa1582f71eae4aa7eccb463d245b34231fd5dcb7969,9a1142c566e8e08896932ef6d4a8c14f780d8cbbcb11b1678101115aa8d45789,c86342a1f8fead74f25a1e264047806659d491e909435742516de2b9d333f24a,cc5f72b52750078c8a8f1fd8635f9dfd01a06e7e4f28bb3f6abd3301a56d7d27,3a68b91a2dd18c3d0b72dbaa27c133e0f02ad064bd8b828b89d53902e20ad214,eedc368fe4c73bbf596f887f1ebda7254673a19d3567cb1384014098d6160c22,e9afb755de33c52c6718454b60c892fc1e13054359d816a6a29e450f9e1399fe,f9bea5a3f6b04e23d7e33d676283bc857aa167d96205969a379a7ce5d65c348d,eeac4bf4cc9e2d839aa85971bffc398b53ef73cbdb9dd9c7f6fc0aa6eda64f62,21446f391a537a431b6196884dbb84a7918fa8f77198b70240cbbcf6efc3cc0f,a860345a5c3aeb9902cbb01e628adc1e1057c2351d61e3304a9ded3ed568fed5,d6e7d9a9ef64e301e7875fb4b17921e6dbd033f23ea53d424c2a94e4a710dbd8,205cf5078583c5d03efa084da7e227abbaa9139444d5f7720e1e74f40e7244bd,777f56be5a5ad7e211fc5248bbfec8703690a8d3c7ce085ed92e32035dfd44c7,99697f4e520ba733252505cfa37313c6f2dd8f1649939561e694d40f623445b0,80ea04bfe5af4b02ddd52dfc87886771db9c2127bd10ef4083cbc85a0762afa6,feeb63b6d9784b7c4377a01e6be53fd810b4763166083e3e4e18d22af53ecf57,0476218ca9f7a623d02341e0bec23bace9e296f047a4e6ee1a374607eec7e488
V03	validation	plan	VECTOR	0.47	DB P99 暴涨	mysql-slow-query.md	24.8443	0.0058	24.8501	1.0000	1.0000	1.0000	1	mysql-slow-query.md	f6f412737de4e8a225d1de70f67a706f7cb0d06868b364500dc7bebe03cbb132
V03	validation	plan	HYBRID	0.47	DB P99 暴涨	mysql-slow-query.md	24.8443	0.3346	25.1789	1.0000	1.0000	1.0000	1	mysql-slow-query.md	f6f412737de4e8a225d1de70f67a706f7cb0d06868b364500dc7bebe03cbb132
V03	validation	plan	HYBRID_RERANK	0.47	DB P99 暴涨	mysql-slow-query.md	24.8443	0.3140	25.1583	1.0000	1.0000	1.0000	1	mysql-slow-query.md	f6f412737de4e8a225d1de70f67a706f7cb0d06868b364500dc7bebe03cbb132
V04	validation	plan	VECTOR	0.0	连接池接近满	mysql-slow-query.md	24.5749	0.0235	24.5984	1.0000	1.0000	1.0000	1	mysql-slow-query.md,thread-pool-exhaustion.md,thread-pool-exhaustion.md,thread-pool-exhaustion.md,thread-pool-exhaustion.md,thread-pool-exhaustion.md,mysql-slow-query.md,thread-pool-exhaustion.md,thread-pool-exhaustion.md,mysql-slow-query.md,thread-pool-exhaustion.md,kafka-consumer-lag.md,kafka-consumer-lag.md,mysql-slow-query.md,kafka-consumer-lag.md,kafka-consumer-lag.md,mysql-slow-query.md,kafka-consumer-lag.md,kafka-consumer-lag.md,kafka-consumer-lag.md	f9bea5a3f6b04e23d7e33d676283bc857aa167d96205969a379a7ce5d65c348d,a860345a5c3aeb9902cbb01e628adc1e1057c2351d61e3304a9ded3ed568fed5,eeac4bf4cc9e2d839aa85971bffc398b53ef73cbdb9dd9c7f6fc0aa6eda64f62,d534bfed6ffacdcf5d3badcb333a800a21fe3d0e7f0655969b8ed03a90043c8e,fe642594379bd01453a34dac80c93cbbc31cbbf3cfd25542589d4ecc3933ded1,cc5f72b52750078c8a8f1fd8635f9dfd01a06e7e4f28bb3f6abd3301a56d7d27,21446f391a537a431b6196884dbb84a7918fa8f77198b70240cbbcf6efc3cc0f,777f56be5a5ad7e211fc5248bbfec8703690a8d3c7ce085ed92e32035dfd44c7,c86342a1f8fead74f25a1e264047806659d491e909435742516de2b9d333f24a,f6f412737de4e8a225d1de70f67a706f7cb0d06868b364500dc7bebe03cbb132,653ee6a2763bfb6d9faad3b6f0a603bcff19c6b6386bd19a76666f2cd509a2fb,3a68b91a2dd18c3d0b72dbaa27c133e0f02ad064bd8b828b89d53902e20ad214,eedc368fe4c73bbf596f887f1ebda7254673a19d3567cb1384014098d6160c22,75ac93b9d9581e152d113813a22c7fb9d830eb8b91a746ded06458017e4a43d8,99697f4e520ba733252505cfa37313c6f2dd8f1649939561e694d40f623445b0,e9afb755de33c52c6718454b60c892fc1e13054359d816a6a29e450f9e1399fe,4a31790f549d324205cb9fa1582f71eae4aa7eccb463d245b34231fd5dcb7969,d6e7d9a9ef64e301e7875fb4b17921e6dbd033f23ea53d424c2a94e4a710dbd8,205cf5078583c5d03efa084da7e227abbaa9139444d5f7720e1e74f40e7244bd,80ea04bfe5af4b02ddd52dfc87886771db9c2127bd10ef4083cbc85a0762afa6
V04	validation	plan	HYBRID	0.0	连接池接近满	mysql-slow-query.md	24.5749	0.3467	24.9216	1.0000	1.0000	1.0000	1	mysql-slow-query.md,mysql-slow-query.md,thread-pool-exhaustion.md,mysql-slow-query.md,thread-pool-exhaustion.md,mysql-slow-query.md,mysql-slow-query.md,thread-pool-exhaustion.md,thread-pool-exhaustion.md,thread-pool-exhaustion.md,thread-pool-exhaustion.md,thread-pool-exhaustion.md,thread-pool-exhaustion.md,kafka-consumer-lag.md,kafka-consumer-lag.md,kafka-consumer-lag.md,kafka-consumer-lag.md,kafka-consumer-lag.md,kafka-consumer-lag.md,kafka-consumer-lag.md	f9bea5a3f6b04e23d7e33d676283bc857aa167d96205969a379a7ce5d65c348d,21446f391a537a431b6196884dbb84a7918fa8f77198b70240cbbcf6efc3cc0f,d534bfed6ffacdcf5d3badcb333a800a21fe3d0e7f0655969b8ed03a90043c8e,f6f412737de4e8a225d1de70f67a706f7cb0d06868b364500dc7bebe03cbb132,cc5f72b52750078c8a8f1fd8635f9dfd01a06e7e4f28bb3f6abd3301a56d7d27,75ac93b9d9581e152d113813a22c7fb9d830eb8b91a746ded06458017e4a43d8,4a31790f549d324205cb9fa1582f71eae4aa7eccb463d245b34231fd5dcb7969,a860345a5c3aeb9902cbb01e628adc1e1057c2351d61e3304a9ded3ed568fed5,eeac4bf4cc9e2d839aa85971bffc398b53ef73cbdb9dd9c7f6fc0aa6eda64f62,fe642594379bd01453a34dac80c93cbbc31cbbf3cfd25542589d4ecc3933ded1,777f56be5a5ad7e211fc5248bbfec8703690a8d3c7ce085ed92e32035dfd44c7,c86342a1f8fead74f25a1e264047806659d491e909435742516de2b9d333f24a,653ee6a2763bfb6d9faad3b6f0a603bcff19c6b6386bd19a76666f2cd509a2fb,3a68b91a2dd18c3d0b72dbaa27c133e0f02ad064bd8b828b89d53902e20ad214,eedc368fe4c73bbf596f887f1ebda7254673a19d3567cb1384014098d6160c22,99697f4e520ba733252505cfa37313c6f2dd8f1649939561e694d40f623445b0,e9afb755de33c52c6718454b60c892fc1e13054359d816a6a29e450f9e1399fe,d6e7d9a9ef64e301e7875fb4b17921e6dbd033f23ea53d424c2a94e4a710dbd8,205cf5078583c5d03efa084da7e227abbaa9139444d5f7720e1e74f40e7244bd,80ea04bfe5af4b02ddd52dfc87886771db9c2127bd10ef4083cbc85a0762afa6
V04	validation	plan	HYBRID_RERANK	0.0	连接池接近满	mysql-slow-query.md	24.5749	0.7219	25.2968	1.0000	1.0000	1.0000	1	mysql-slow-query.md,mysql-slow-query.md,mysql-slow-query.md,mysql-slow-query.md,thread-pool-exhaustion.md,thread-pool-exhaustion.md,mysql-slow-query.md,thread-pool-exhaustion.md,thread-pool-exhaustion.md,thread-pool-exhaustion.md,thread-pool-exhaustion.md,thread-pool-exhaustion.md,thread-pool-exhaustion.md,kafka-consumer-lag.md,kafka-consumer-lag.md,kafka-consumer-lag.md,kafka-consumer-lag.md,kafka-consumer-lag.md,kafka-consumer-lag.md,kafka-consumer-lag.md	f9bea5a3f6b04e23d7e33d676283bc857aa167d96205969a379a7ce5d65c348d,21446f391a537a431b6196884dbb84a7918fa8f77198b70240cbbcf6efc3cc0f,f6f412737de4e8a225d1de70f67a706f7cb0d06868b364500dc7bebe03cbb132,75ac93b9d9581e152d113813a22c7fb9d830eb8b91a746ded06458017e4a43d8,d534bfed6ffacdcf5d3badcb333a800a21fe3d0e7f0655969b8ed03a90043c8e,cc5f72b52750078c8a8f1fd8635f9dfd01a06e7e4f28bb3f6abd3301a56d7d27,4a31790f549d324205cb9fa1582f71eae4aa7eccb463d245b34231fd5dcb7969,a860345a5c3aeb9902cbb01e628adc1e1057c2351d61e3304a9ded3ed568fed5,eeac4bf4cc9e2d839aa85971bffc398b53ef73cbdb9dd9c7f6fc0aa6eda64f62,fe642594379bd01453a34dac80c93cbbc31cbbf3cfd25542589d4ecc3933ded1,777f56be5a5ad7e211fc5248bbfec8703690a8d3c7ce085ed92e32035dfd44c7,c86342a1f8fead74f25a1e264047806659d491e909435742516de2b9d333f24a,653ee6a2763bfb6d9faad3b6f0a603bcff19c6b6386bd19a76666f2cd509a2fb,3a68b91a2dd18c3d0b72dbaa27c133e0f02ad064bd8b828b89d53902e20ad214,eedc368fe4c73bbf596f887f1ebda7254673a19d3567cb1384014098d6160c22,99697f4e520ba733252505cfa37313c6f2dd8f1649939561e694d40f623445b0,e9afb755de33c52c6718454b60c892fc1e13054359d816a6a29e450f9e1399fe,d6e7d9a9ef64e301e7875fb4b17921e6dbd033f23ea53d424c2a94e4a710dbd8,205cf5078583c5d03efa084da7e227abbaa9139444d5f7720e1e74f40e7244bd,80ea04bfe5af4b02ddd52dfc87886771db9c2127bd10ef4083cbc85a0762afa6
V04	validation	plan	VECTOR	0.47	连接池接近满	mysql-slow-query.md	24.5749	0.0063	24.5812	1.0000	1.0000	1.0000	1	mysql-slow-query.md,thread-pool-exhaustion.md,thread-pool-exhaustion.md,thread-pool-exhaustion.md,thread-pool-exhaustion.md,thread-pool-exhaustion.md,mysql-slow-query.md,thread-pool-exhaustion.md,thread-pool-exhaustion.md,mysql-slow-query.md,thread-pool-exhaustion.md,kafka-consumer-lag.md	f9bea5a3f6b04e23d7e33d676283bc857aa167d96205969a379a7ce5d65c348d,a860345a5c3aeb9902cbb01e628adc1e1057c2351d61e3304a9ded3ed568fed5,eeac4bf4cc9e2d839aa85971bffc398b53ef73cbdb9dd9c7f6fc0aa6eda64f62,d534bfed6ffacdcf5d3badcb333a800a21fe3d0e7f0655969b8ed03a90043c8e,fe642594379bd01453a34dac80c93cbbc31cbbf3cfd25542589d4ecc3933ded1,cc5f72b52750078c8a8f1fd8635f9dfd01a06e7e4f28bb3f6abd3301a56d7d27,21446f391a537a431b6196884dbb84a7918fa8f77198b70240cbbcf6efc3cc0f,777f56be5a5ad7e211fc5248bbfec8703690a8d3c7ce085ed92e32035dfd44c7,c86342a1f8fead74f25a1e264047806659d491e909435742516de2b9d333f24a,f6f412737de4e8a225d1de70f67a706f7cb0d06868b364500dc7bebe03cbb132,653ee6a2763bfb6d9faad3b6f0a603bcff19c6b6386bd19a76666f2cd509a2fb,3a68b91a2dd18c3d0b72dbaa27c133e0f02ad064bd8b828b89d53902e20ad214
V04	validation	plan	HYBRID	0.47	连接池接近满	mysql-slow-query.md	24.5749	0.3102	24.8851	1.0000	1.0000	1.0000	1	mysql-slow-query.md,mysql-slow-query.md,thread-pool-exhaustion.md,mysql-slow-query.md,thread-pool-exhaustion.md,thread-pool-exhaustion.md,thread-pool-exhaustion.md,thread-pool-exhaustion.md,thread-pool-exhaustion.md,thread-pool-exhaustion.md,thread-pool-exhaustion.md,kafka-consumer-lag.md	f9bea5a3f6b04e23d7e33d676283bc857aa167d96205969a379a7ce5d65c348d,21446f391a537a431b6196884dbb84a7918fa8f77198b70240cbbcf6efc3cc0f,d534bfed6ffacdcf5d3badcb333a800a21fe3d0e7f0655969b8ed03a90043c8e,f6f412737de4e8a225d1de70f67a706f7cb0d06868b364500dc7bebe03cbb132,cc5f72b52750078c8a8f1fd8635f9dfd01a06e7e4f28bb3f6abd3301a56d7d27,a860345a5c3aeb9902cbb01e628adc1e1057c2351d61e3304a9ded3ed568fed5,eeac4bf4cc9e2d839aa85971bffc398b53ef73cbdb9dd9c7f6fc0aa6eda64f62,fe642594379bd01453a34dac80c93cbbc31cbbf3cfd25542589d4ecc3933ded1,777f56be5a5ad7e211fc5248bbfec8703690a8d3c7ce085ed92e32035dfd44c7,c86342a1f8fead74f25a1e264047806659d491e909435742516de2b9d333f24a,653ee6a2763bfb6d9faad3b6f0a603bcff19c6b6386bd19a76666f2cd509a2fb,3a68b91a2dd18c3d0b72dbaa27c133e0f02ad064bd8b828b89d53902e20ad214
V04	validation	plan	HYBRID_RERANK	0.47	连接池接近满	mysql-slow-query.md	24.5749	0.5336	25.1085	1.0000	1.0000	1.0000	1	mysql-slow-query.md,mysql-slow-query.md,mysql-slow-query.md,thread-pool-exhaustion.md,thread-pool-exhaustion.md,thread-pool-exhaustion.md,thread-pool-exhaustion.md,thread-pool-exhaustion.md,thread-pool-exhaustion.md,thread-pool-exhaustion.md,thread-pool-exhaustion.md,kafka-consumer-lag.md	f9bea5a3f6b04e23d7e33d676283bc857aa167d96205969a379a7ce5d65c348d,21446f391a537a431b6196884dbb84a7918fa8f77198b70240cbbcf6efc3cc0f,f6f412737de4e8a225d1de70f67a706f7cb0d06868b364500dc7bebe03cbb132,d534bfed6ffacdcf5d3badcb333a800a21fe3d0e7f0655969b8ed03a90043c8e,cc5f72b52750078c8a8f1fd8635f9dfd01a06e7e4f28bb3f6abd3301a56d7d27,a860345a5c3aeb9902cbb01e628adc1e1057c2351d61e3304a9ded3ed568fed5,eeac4bf4cc9e2d839aa85971bffc398b53ef73cbdb9dd9c7f6fc0aa6eda64f62,fe642594379bd01453a34dac80c93cbbc31cbbf3cfd25542589d4ecc3933ded1,777f56be5a5ad7e211fc5248bbfec8703690a8d3c7ce085ed92e32035dfd44c7,c86342a1f8fead74f25a1e264047806659d491e909435742516de2b9d333f24a,653ee6a2763bfb6d9faad3b6f0a603bcff19c6b6386bd19a76666f2cd509a2fb,3a68b91a2dd18c3d0b72dbaa27c133e0f02ad064bd8b828b89d53902e20ad214
V05	validation	paraphrase	VECTOR	0.0	任务等待时间拉长，工作队列不断堆高	thread-pool-exhaustion.md	24.6620	0.0174	24.6794	1.0000	1.0000	1.0000	1	thread-pool-exhaustion.md,thread-pool-exhaustion.md,thread-pool-exhaustion.md,thread-pool-exhaustion.md,mysql-slow-query.md,kafka-consumer-lag.md,thread-pool-exhaustion.md,thread-pool-exhaustion.md,kafka-consumer-lag.md,thread-pool-exhaustion.md,kafka-consumer-lag.md,mysql-slow-query.md,kafka-consumer-lag.md,mysql-slow-query.md,mysql-slow-query.md,thread-pool-exhaustion.md,mysql-slow-query.md,kafka-consumer-lag.md,kafka-consumer-lag.md,kafka-consumer-lag.md	c86342a1f8fead74f25a1e264047806659d491e909435742516de2b9d333f24a,cc5f72b52750078c8a8f1fd8635f9dfd01a06e7e4f28bb3f6abd3301a56d7d27,a860345a5c3aeb9902cbb01e628adc1e1057c2351d61e3304a9ded3ed568fed5,653ee6a2763bfb6d9faad3b6f0a603bcff19c6b6386bd19a76666f2cd509a2fb,4a31790f549d324205cb9fa1582f71eae4aa7eccb463d245b34231fd5dcb7969,e9afb755de33c52c6718454b60c892fc1e13054359d816a6a29e450f9e1399fe,fe642594379bd01453a34dac80c93cbbc31cbbf3cfd25542589d4ecc3933ded1,eeac4bf4cc9e2d839aa85971bffc398b53ef73cbdb9dd9c7f6fc0aa6eda64f62,3a68b91a2dd18c3d0b72dbaa27c133e0f02ad064bd8b828b89d53902e20ad214,d534bfed6ffacdcf5d3badcb333a800a21fe3d0e7f0655969b8ed03a90043c8e,eedc368fe4c73bbf596f887f1ebda7254673a19d3567cb1384014098d6160c22,21446f391a537a431b6196884dbb84a7918fa8f77198b70240cbbcf6efc3cc0f,d6e7d9a9ef64e301e7875fb4b17921e6dbd033f23ea53d424c2a94e4a710dbd8,75ac93b9d9581e152d113813a22c7fb9d830eb8b91a746ded06458017e4a43d8,f9bea5a3f6b04e23d7e33d676283bc857aa167d96205969a379a7ce5d65c348d,777f56be5a5ad7e211fc5248bbfec8703690a8d3c7ce085ed92e32035dfd44c7,f6f412737de4e8a225d1de70f67a706f7cb0d06868b364500dc7bebe03cbb132,205cf5078583c5d03efa084da7e227abbaa9139444d5f7720e1e74f40e7244bd,99697f4e520ba733252505cfa37313c6f2dd8f1649939561e694d40f623445b0,80ea04bfe5af4b02ddd52dfc87886771db9c2127bd10ef4083cbc85a0762afa6
V05	validation	paraphrase	HYBRID	0.0	任务等待时间拉长，工作队列不断堆高	thread-pool-exhaustion.md	24.6620	0.3584	25.0204	1.0000	1.0000	1.0000	1	thread-pool-exhaustion.md,thread-pool-exhaustion.md,mysql-slow-query.md,thread-pool-exhaustion.md,thread-pool-exhaustion.md,thread-pool-exhaustion.md,thread-pool-exhaustion.md,mysql-slow-query.md,mysql-slow-query.md,kafka-consumer-lag.md,mysql-slow-query.md,kafka-consumer-lag.md,kafka-consumer-lag.md,kafka-consumer-lag.md,thread-pool-exhaustion.md,kafka-consumer-lag.md,kafka-consumer-lag.md,mysql-slow-query.md,thread-pool-exhaustion.md,kafka-consumer-lag.md	cc5f72b52750078c8a8f1fd8635f9dfd01a06e7e4f28bb3f6abd3301a56d7d27,c86342a1f8fead74f25a1e264047806659d491e909435742516de2b9d333f24a,4a31790f549d324205cb9fa1582f71eae4aa7eccb463d245b34231fd5dcb7969,fe642594379bd01453a34dac80c93cbbc31cbbf3cfd25542589d4ecc3933ded1,d534bfed6ffacdcf5d3badcb333a800a21fe3d0e7f0655969b8ed03a90043c8e,653ee6a2763bfb6d9faad3b6f0a603bcff19c6b6386bd19a76666f2cd509a2fb,a860345a5c3aeb9902cbb01e628adc1e1057c2351d61e3304a9ded3ed568fed5,f9bea5a3f6b04e23d7e33d676283bc857aa167d96205969a379a7ce5d65c348d,75ac93b9d9581e152d113813a22c7fb9d830eb8b91a746ded06458017e4a43d8,205cf5078583c5d03efa084da7e227abbaa9139444d5f7720e1e74f40e7244bd,f6f412737de4e8a225d1de70f67a706f7cb0d06868b364500dc7bebe03cbb132,d6e7d9a9ef64e301e7875fb4b17921e6dbd033f23ea53d424c2a94e4a710dbd8,99697f4e520ba733252505cfa37313c6f2dd8f1649939561e694d40f623445b0,e9afb755de33c52c6718454b60c892fc1e13054359d816a6a29e450f9e1399fe,eeac4bf4cc9e2d839aa85971bffc398b53ef73cbdb9dd9c7f6fc0aa6eda64f62,3a68b91a2dd18c3d0b72dbaa27c133e0f02ad064bd8b828b89d53902e20ad214,eedc368fe4c73bbf596f887f1ebda7254673a19d3567cb1384014098d6160c22,21446f391a537a431b6196884dbb84a7918fa8f77198b70240cbbcf6efc3cc0f,777f56be5a5ad7e211fc5248bbfec8703690a8d3c7ce085ed92e32035dfd44c7,80ea04bfe5af4b02ddd52dfc87886771db9c2127bd10ef4083cbc85a0762afa6
V05	validation	paraphrase	HYBRID_RERANK	0.0	任务等待时间拉长，工作队列不断堆高	thread-pool-exhaustion.md	24.6620	0.7551	25.4171	1.0000	1.0000	1.0000	1	thread-pool-exhaustion.md,thread-pool-exhaustion.md,thread-pool-exhaustion.md,thread-pool-exhaustion.md,mysql-slow-query.md,thread-pool-exhaustion.md,thread-pool-exhaustion.md,mysql-slow-query.md,mysql-slow-query.md,kafka-consumer-lag.md,mysql-slow-query.md,kafka-consumer-lag.md,kafka-consumer-lag.md,kafka-consumer-lag.md,thread-pool-exhaustion.md,kafka-consumer-lag.md,kafka-consumer-lag.md,mysql-slow-query.md,thread-pool-exhaustion.md,kafka-consumer-lag.md	cc5f72b52750078c8a8f1fd8635f9dfd01a06e7e4f28bb3f6abd3301a56d7d27,fe642594379bd01453a34dac80c93cbbc31cbbf3cfd25542589d4ecc3933ded1,d534bfed6ffacdcf5d3badcb333a800a21fe3d0e7f0655969b8ed03a90043c8e,c86342a1f8fead74f25a1e264047806659d491e909435742516de2b9d333f24a,4a31790f549d324205cb9fa1582f71eae4aa7eccb463d245b34231fd5dcb7969,653ee6a2763bfb6d9faad3b6f0a603bcff19c6b6386bd19a76666f2cd509a2fb,a860345a5c3aeb9902cbb01e628adc1e1057c2351d61e3304a9ded3ed568fed5,f9bea5a3f6b04e23d7e33d676283bc857aa167d96205969a379a7ce5d65c348d,75ac93b9d9581e152d113813a22c7fb9d830eb8b91a746ded06458017e4a43d8,205cf5078583c5d03efa084da7e227abbaa9139444d5f7720e1e74f40e7244bd,f6f412737de4e8a225d1de70f67a706f7cb0d06868b364500dc7bebe03cbb132,d6e7d9a9ef64e301e7875fb4b17921e6dbd033f23ea53d424c2a94e4a710dbd8,99697f4e520ba733252505cfa37313c6f2dd8f1649939561e694d40f623445b0,e9afb755de33c52c6718454b60c892fc1e13054359d816a6a29e450f9e1399fe,eeac4bf4cc9e2d839aa85971bffc398b53ef73cbdb9dd9c7f6fc0aa6eda64f62,3a68b91a2dd18c3d0b72dbaa27c133e0f02ad064bd8b828b89d53902e20ad214,eedc368fe4c73bbf596f887f1ebda7254673a19d3567cb1384014098d6160c22,21446f391a537a431b6196884dbb84a7918fa8f77198b70240cbbcf6efc3cc0f,777f56be5a5ad7e211fc5248bbfec8703690a8d3c7ce085ed92e32035dfd44c7,80ea04bfe5af4b02ddd52dfc87886771db9c2127bd10ef4083cbc85a0762afa6
V05	validation	paraphrase	VECTOR	0.47	任务等待时间拉长，工作队列不断堆高	thread-pool-exhaustion.md	24.6620	0.0121	24.6741	1.0000	1.0000	1.0000	1	thread-pool-exhaustion.md,thread-pool-exhaustion.md,thread-pool-exhaustion.md,thread-pool-exhaustion.md,mysql-slow-query.md,kafka-consumer-lag.md,thread-pool-exhaustion.md,thread-pool-exhaustion.md,kafka-consumer-lag.md,thread-pool-exhaustion.md,kafka-consumer-lag.md,mysql-slow-query.md,kafka-consumer-lag.md,mysql-slow-query.md,mysql-slow-query.md,thread-pool-exhaustion.md,mysql-slow-query.md,kafka-consumer-lag.md,kafka-consumer-lag.md,kafka-consumer-lag.md	c86342a1f8fead74f25a1e264047806659d491e909435742516de2b9d333f24a,cc5f72b52750078c8a8f1fd8635f9dfd01a06e7e4f28bb3f6abd3301a56d7d27,a860345a5c3aeb9902cbb01e628adc1e1057c2351d61e3304a9ded3ed568fed5,653ee6a2763bfb6d9faad3b6f0a603bcff19c6b6386bd19a76666f2cd509a2fb,4a31790f549d324205cb9fa1582f71eae4aa7eccb463d245b34231fd5dcb7969,e9afb755de33c52c6718454b60c892fc1e13054359d816a6a29e450f9e1399fe,fe642594379bd01453a34dac80c93cbbc31cbbf3cfd25542589d4ecc3933ded1,eeac4bf4cc9e2d839aa85971bffc398b53ef73cbdb9dd9c7f6fc0aa6eda64f62,3a68b91a2dd18c3d0b72dbaa27c133e0f02ad064bd8b828b89d53902e20ad214,d534bfed6ffacdcf5d3badcb333a800a21fe3d0e7f0655969b8ed03a90043c8e,eedc368fe4c73bbf596f887f1ebda7254673a19d3567cb1384014098d6160c22,21446f391a537a431b6196884dbb84a7918fa8f77198b70240cbbcf6efc3cc0f,d6e7d9a9ef64e301e7875fb4b17921e6dbd033f23ea53d424c2a94e4a710dbd8,75ac93b9d9581e152d113813a22c7fb9d830eb8b91a746ded06458017e4a43d8,f9bea5a3f6b04e23d7e33d676283bc857aa167d96205969a379a7ce5d65c348d,777f56be5a5ad7e211fc5248bbfec8703690a8d3c7ce085ed92e32035dfd44c7,f6f412737de4e8a225d1de70f67a706f7cb0d06868b364500dc7bebe03cbb132,205cf5078583c5d03efa084da7e227abbaa9139444d5f7720e1e74f40e7244bd,99697f4e520ba733252505cfa37313c6f2dd8f1649939561e694d40f623445b0,80ea04bfe5af4b02ddd52dfc87886771db9c2127bd10ef4083cbc85a0762afa6
V05	validation	paraphrase	HYBRID	0.47	任务等待时间拉长，工作队列不断堆高	thread-pool-exhaustion.md	24.6620	0.3199	24.9819	1.0000	1.0000	1.0000	1	thread-pool-exhaustion.md,thread-pool-exhaustion.md,mysql-slow-query.md,thread-pool-exhaustion.md,thread-pool-exhaustion.md,thread-pool-exhaustion.md,thread-pool-exhaustion.md,mysql-slow-query.md,mysql-slow-query.md,kafka-consumer-lag.md,mysql-slow-query.md,kafka-consumer-lag.md,kafka-consumer-lag.md,kafka-consumer-lag.md,thread-pool-exhaustion.md,kafka-consumer-lag.md,kafka-consumer-lag.md,mysql-slow-query.md,thread-pool-exhaustion.md,kafka-consumer-lag.md	cc5f72b52750078c8a8f1fd8635f9dfd01a06e7e4f28bb3f6abd3301a56d7d27,c86342a1f8fead74f25a1e264047806659d491e909435742516de2b9d333f24a,4a31790f549d324205cb9fa1582f71eae4aa7eccb463d245b34231fd5dcb7969,fe642594379bd01453a34dac80c93cbbc31cbbf3cfd25542589d4ecc3933ded1,d534bfed6ffacdcf5d3badcb333a800a21fe3d0e7f0655969b8ed03a90043c8e,653ee6a2763bfb6d9faad3b6f0a603bcff19c6b6386bd19a76666f2cd509a2fb,a860345a5c3aeb9902cbb01e628adc1e1057c2351d61e3304a9ded3ed568fed5,f9bea5a3f6b04e23d7e33d676283bc857aa167d96205969a379a7ce5d65c348d,75ac93b9d9581e152d113813a22c7fb9d830eb8b91a746ded06458017e4a43d8,205cf5078583c5d03efa084da7e227abbaa9139444d5f7720e1e74f40e7244bd,f6f412737de4e8a225d1de70f67a706f7cb0d06868b364500dc7bebe03cbb132,d6e7d9a9ef64e301e7875fb4b17921e6dbd033f23ea53d424c2a94e4a710dbd8,99697f4e520ba733252505cfa37313c6f2dd8f1649939561e694d40f623445b0,e9afb755de33c52c6718454b60c892fc1e13054359d816a6a29e450f9e1399fe,eeac4bf4cc9e2d839aa85971bffc398b53ef73cbdb9dd9c7f6fc0aa6eda64f62,3a68b91a2dd18c3d0b72dbaa27c133e0f02ad064bd8b828b89d53902e20ad214,eedc368fe4c73bbf596f887f1ebda7254673a19d3567cb1384014098d6160c22,21446f391a537a431b6196884dbb84a7918fa8f77198b70240cbbcf6efc3cc0f,777f56be5a5ad7e211fc5248bbfec8703690a8d3c7ce085ed92e32035dfd44c7,80ea04bfe5af4b02ddd52dfc87886771db9c2127bd10ef4083cbc85a0762afa6
V05	validation	paraphrase	HYBRID_RERANK	0.47	任务等待时间拉长，工作队列不断堆高	thread-pool-exhaustion.md	24.6620	0.7244	25.3864	1.0000	1.0000	1.0000	1	thread-pool-exhaustion.md,thread-pool-exhaustion.md,thread-pool-exhaustion.md,thread-pool-exhaustion.md,mysql-slow-query.md,thread-pool-exhaustion.md,thread-pool-exhaustion.md,mysql-slow-query.md,mysql-slow-query.md,kafka-consumer-lag.md,mysql-slow-query.md,kafka-consumer-lag.md,kafka-consumer-lag.md,kafka-consumer-lag.md,thread-pool-exhaustion.md,kafka-consumer-lag.md,kafka-consumer-lag.md,mysql-slow-query.md,thread-pool-exhaustion.md,kafka-consumer-lag.md	cc5f72b52750078c8a8f1fd8635f9dfd01a06e7e4f28bb3f6abd3301a56d7d27,fe642594379bd01453a34dac80c93cbbc31cbbf3cfd25542589d4ecc3933ded1,d534bfed6ffacdcf5d3badcb333a800a21fe3d0e7f0655969b8ed03a90043c8e,c86342a1f8fead74f25a1e264047806659d491e909435742516de2b9d333f24a,4a31790f549d324205cb9fa1582f71eae4aa7eccb463d245b34231fd5dcb7969,653ee6a2763bfb6d9faad3b6f0a603bcff19c6b6386bd19a76666f2cd509a2fb,a860345a5c3aeb9902cbb01e628adc1e1057c2351d61e3304a9ded3ed568fed5,f9bea5a3f6b04e23d7e33d676283bc857aa167d96205969a379a7ce5d65c348d,75ac93b9d9581e152d113813a22c7fb9d830eb8b91a746ded06458017e4a43d8,205cf5078583c5d03efa084da7e227abbaa9139444d5f7720e1e74f40e7244bd,f6f412737de4e8a225d1de70f67a706f7cb0d06868b364500dc7bebe03cbb132,d6e7d9a9ef64e301e7875fb4b17921e6dbd033f23ea53d424c2a94e4a710dbd8,99697f4e520ba733252505cfa37313c6f2dd8f1649939561e694d40f623445b0,e9afb755de33c52c6718454b60c892fc1e13054359d816a6a29e450f9e1399fe,eeac4bf4cc9e2d839aa85971bffc398b53ef73cbdb9dd9c7f6fc0aa6eda64f62,3a68b91a2dd18c3d0b72dbaa27c133e0f02ad064bd8b828b89d53902e20ad214,eedc368fe4c73bbf596f887f1ebda7254673a19d3567cb1384014098d6160c22,21446f391a537a431b6196884dbb84a7918fa8f77198b70240cbbcf6efc3cc0f,777f56be5a5ad7e211fc5248bbfec8703690a8d3c7ce085ed92e32035dfd44c7,80ea04bfe5af4b02ddd52dfc87886771db9c2127bd10ef4083cbc85a0762afa6
V06	validation	technical	VECTOR	0.0	消费位点落后最新 offset 很多	kafka-consumer-lag.md	25.4876	0.0182	25.5058	1.0000	1.0000	1.0000	1	kafka-consumer-lag.md,kafka-consumer-lag.md,kafka-consumer-lag.md,kafka-consumer-lag.md,kafka-consumer-lag.md,kafka-consumer-lag.md,thread-pool-exhaustion.md,kafka-consumer-lag.md,kafka-consumer-lag.md,mysql-slow-query.md,mysql-slow-query.md,thread-pool-exhaustion.md,thread-pool-exhaustion.md,mysql-slow-query.md,mysql-slow-query.md,thread-pool-exhaustion.md,thread-pool-exhaustion.md,thread-pool-exhaustion.md,thread-pool-exhaustion.md,mysql-slow-query.md	feeb63b6d9784b7c4377a01e6be53fd810b4763166083e3e4e18d22af53ecf57,3a68b91a2dd18c3d0b72dbaa27c133e0f02ad064bd8b828b89d53902e20ad214,99697f4e520ba733252505cfa37313c6f2dd8f1649939561e694d40f623445b0,80ea04bfe5af4b02ddd52dfc87886771db9c2127bd10ef4083cbc85a0762afa6,eedc368fe4c73bbf596f887f1ebda7254673a19d3567cb1384014098d6160c22,205cf5078583c5d03efa084da7e227abbaa9139444d5f7720e1e74f40e7244bd,777f56be5a5ad7e211fc5248bbfec8703690a8d3c7ce085ed92e32035dfd44c7,d6e7d9a9ef64e301e7875fb4b17921e6dbd033f23ea53d424c2a94e4a710dbd8,e9afb755de33c52c6718454b60c892fc1e13054359d816a6a29e450f9e1399fe,f9bea5a3f6b04e23d7e33d676283bc857aa167d96205969a379a7ce5d65c348d,21446f391a537a431b6196884dbb84a7918fa8f77198b70240cbbcf6efc3cc0f,a860345a5c3aeb9902cbb01e628adc1e1057c2351d61e3304a9ded3ed568fed5,c86342a1f8fead74f25a1e264047806659d491e909435742516de2b9d333f24a,f6f412737de4e8a225d1de70f67a706f7cb0d06868b364500dc7bebe03cbb132,75ac93b9d9581e152d113813a22c7fb9d830eb8b91a746ded06458017e4a43d8,eeac4bf4cc9e2d839aa85971bffc398b53ef73cbdb9dd9c7f6fc0aa6eda64f62,fe642594379bd01453a34dac80c93cbbc31cbbf3cfd25542589d4ecc3933ded1,653ee6a2763bfb6d9faad3b6f0a603bcff19c6b6386bd19a76666f2cd509a2fb,cc5f72b52750078c8a8f1fd8635f9dfd01a06e7e4f28bb3f6abd3301a56d7d27,9a1142c566e8e08896932ef6d4a8c14f780d8cbbcb11b1678101115aa8d45789
V06	validation	technical	HYBRID	0.0	消费位点落后最新 offset 很多	kafka-consumer-lag.md	25.4876	0.3163	25.8039	1.0000	1.0000	1.0000	1	kafka-consumer-lag.md,kafka-consumer-lag.md,kafka-consumer-lag.md,kafka-consumer-lag.md,kafka-consumer-lag.md,kafka-consumer-lag.md,kafka-consumer-lag.md,thread-pool-exhaustion.md,kafka-consumer-lag.md,mysql-slow-query.md,mysql-slow-query.md,thread-pool-exhaustion.md,thread-pool-exhaustion.md,mysql-slow-query.md,mysql-slow-query.md,thread-pool-exhaustion.md,thread-pool-exhaustion.md,thread-pool-exhaustion.md,thread-pool-exhaustion.md,mysql-slow-query.md	feeb63b6d9784b7c4377a01e6be53fd810b4763166083e3e4e18d22af53ecf57,3a68b91a2dd18c3d0b72dbaa27c133e0f02ad064bd8b828b89d53902e20ad214,80ea04bfe5af4b02ddd52dfc87886771db9c2127bd10ef4083cbc85a0762afa6,205cf5078583c5d03efa084da7e227abbaa9139444d5f7720e1e74f40e7244bd,99697f4e520ba733252505cfa37313c6f2dd8f1649939561e694d40f623445b0,eedc368fe4c73bbf596f887f1ebda7254673a19d3567cb1384014098d6160c22,d6e7d9a9ef64e301e7875fb4b17921e6dbd033f23ea53d424c2a94e4a710dbd8,777f56be5a5ad7e211fc5248bbfec8703690a8d3c7ce085ed92e32035dfd44c7,e9afb755de33c52c6718454b60c892fc1e13054359d816a6a29e450f9e1399fe,f9bea5a3f6b04e23d7e33d676283bc857aa167d96205969a379a7ce5d65c348d,21446f391a537a431b6196884dbb84a7918fa8f77198b70240cbbcf6efc3cc0f,a860345a5c3aeb9902cbb01e628adc1e1057c2351d61e3304a9ded3ed568fed5,c86342a1f8fead74f25a1e264047806659d491e909435742516de2b9d333f24a,f6f412737de4e8a225d1de70f67a706f7cb0d06868b364500dc7bebe03cbb132,75ac93b9d9581e152d113813a22c7fb9d830eb8b91a746ded06458017e4a43d8,eeac4bf4cc9e2d839aa85971bffc398b53ef73cbdb9dd9c7f6fc0aa6eda64f62,fe642594379bd01453a34dac80c93cbbc31cbbf3cfd25542589d4ecc3933ded1,653ee6a2763bfb6d9faad3b6f0a603bcff19c6b6386bd19a76666f2cd509a2fb,cc5f72b52750078c8a8f1fd8635f9dfd01a06e7e4f28bb3f6abd3301a56d7d27,9a1142c566e8e08896932ef6d4a8c14f780d8cbbcb11b1678101115aa8d45789
V06	validation	technical	HYBRID_RERANK	0.0	消费位点落后最新 offset 很多	kafka-consumer-lag.md	25.4876	0.7458	26.2334	1.0000	1.0000	1.0000	1	kafka-consumer-lag.md,kafka-consumer-lag.md,kafka-consumer-lag.md,thread-pool-exhaustion.md,kafka-consumer-lag.md,kafka-consumer-lag.md,kafka-consumer-lag.md,kafka-consumer-lag.md,kafka-consumer-lag.md,mysql-slow-query.md,mysql-slow-query.md,thread-pool-exhaustion.md,thread-pool-exhaustion.md,mysql-slow-query.md,mysql-slow-query.md,thread-pool-exhaustion.md,thread-pool-exhaustion.md,thread-pool-exhaustion.md,thread-pool-exhaustion.md,mysql-slow-query.md	feeb63b6d9784b7c4377a01e6be53fd810b4763166083e3e4e18d22af53ecf57,80ea04bfe5af4b02ddd52dfc87886771db9c2127bd10ef4083cbc85a0762afa6,205cf5078583c5d03efa084da7e227abbaa9139444d5f7720e1e74f40e7244bd,777f56be5a5ad7e211fc5248bbfec8703690a8d3c7ce085ed92e32035dfd44c7,3a68b91a2dd18c3d0b72dbaa27c133e0f02ad064bd8b828b89d53902e20ad214,99697f4e520ba733252505cfa37313c6f2dd8f1649939561e694d40f623445b0,eedc368fe4c73bbf596f887f1ebda7254673a19d3567cb1384014098d6160c22,d6e7d9a9ef64e301e7875fb4b17921e6dbd033f23ea53d424c2a94e4a710dbd8,e9afb755de33c52c6718454b60c892fc1e13054359d816a6a29e450f9e1399fe,f9bea5a3f6b04e23d7e33d676283bc857aa167d96205969a379a7ce5d65c348d,21446f391a537a431b6196884dbb84a7918fa8f77198b70240cbbcf6efc3cc0f,a860345a5c3aeb9902cbb01e628adc1e1057c2351d61e3304a9ded3ed568fed5,c86342a1f8fead74f25a1e264047806659d491e909435742516de2b9d333f24a,f6f412737de4e8a225d1de70f67a706f7cb0d06868b364500dc7bebe03cbb132,75ac93b9d9581e152d113813a22c7fb9d830eb8b91a746ded06458017e4a43d8,eeac4bf4cc9e2d839aa85971bffc398b53ef73cbdb9dd9c7f6fc0aa6eda64f62,fe642594379bd01453a34dac80c93cbbc31cbbf3cfd25542589d4ecc3933ded1,653ee6a2763bfb6d9faad3b6f0a603bcff19c6b6386bd19a76666f2cd509a2fb,cc5f72b52750078c8a8f1fd8635f9dfd01a06e7e4f28bb3f6abd3301a56d7d27,9a1142c566e8e08896932ef6d4a8c14f780d8cbbcb11b1678101115aa8d45789
V06	validation	technical	VECTOR	0.47	消费位点落后最新 offset 很多	kafka-consumer-lag.md	25.4876	0.0057	25.4933	1.0000	1.0000	1.0000	1	kafka-consumer-lag.md,kafka-consumer-lag.md,kafka-consumer-lag.md,kafka-consumer-lag.md,kafka-consumer-lag.md,kafka-consumer-lag.md,thread-pool-exhaustion.md,kafka-consumer-lag.md,kafka-consumer-lag.md,mysql-slow-query.md	feeb63b6d9784b7c4377a01e6be53fd810b4763166083e3e4e18d22af53ecf57,3a68b91a2dd18c3d0b72dbaa27c133e0f02ad064bd8b828b89d53902e20ad214,99697f4e520ba733252505cfa37313c6f2dd8f1649939561e694d40f623445b0,80ea04bfe5af4b02ddd52dfc87886771db9c2127bd10ef4083cbc85a0762afa6,eedc368fe4c73bbf596f887f1ebda7254673a19d3567cb1384014098d6160c22,205cf5078583c5d03efa084da7e227abbaa9139444d5f7720e1e74f40e7244bd,777f56be5a5ad7e211fc5248bbfec8703690a8d3c7ce085ed92e32035dfd44c7,d6e7d9a9ef64e301e7875fb4b17921e6dbd033f23ea53d424c2a94e4a710dbd8,e9afb755de33c52c6718454b60c892fc1e13054359d816a6a29e450f9e1399fe,f9bea5a3f6b04e23d7e33d676283bc857aa167d96205969a379a7ce5d65c348d
V06	validation	technical	HYBRID	0.47	消费位点落后最新 offset 很多	kafka-consumer-lag.md	25.4876	0.2828	25.7704	1.0000	1.0000	1.0000	1	kafka-consumer-lag.md,kafka-consumer-lag.md,kafka-consumer-lag.md,kafka-consumer-lag.md,kafka-consumer-lag.md,kafka-consumer-lag.md,kafka-consumer-lag.md,thread-pool-exhaustion.md,kafka-consumer-lag.md,mysql-slow-query.md	feeb63b6d9784b7c4377a01e6be53fd810b4763166083e3e4e18d22af53ecf57,3a68b91a2dd18c3d0b72dbaa27c133e0f02ad064bd8b828b89d53902e20ad214,80ea04bfe5af4b02ddd52dfc87886771db9c2127bd10ef4083cbc85a0762afa6,205cf5078583c5d03efa084da7e227abbaa9139444d5f7720e1e74f40e7244bd,99697f4e520ba733252505cfa37313c6f2dd8f1649939561e694d40f623445b0,eedc368fe4c73bbf596f887f1ebda7254673a19d3567cb1384014098d6160c22,d6e7d9a9ef64e301e7875fb4b17921e6dbd033f23ea53d424c2a94e4a710dbd8,777f56be5a5ad7e211fc5248bbfec8703690a8d3c7ce085ed92e32035dfd44c7,e9afb755de33c52c6718454b60c892fc1e13054359d816a6a29e450f9e1399fe,f9bea5a3f6b04e23d7e33d676283bc857aa167d96205969a379a7ce5d65c348d
V06	validation	technical	HYBRID_RERANK	0.47	消费位点落后最新 offset 很多	kafka-consumer-lag.md	25.4876	0.4943	25.9819	1.0000	1.0000	1.0000	1	kafka-consumer-lag.md,kafka-consumer-lag.md,kafka-consumer-lag.md,thread-pool-exhaustion.md,kafka-consumer-lag.md,kafka-consumer-lag.md,kafka-consumer-lag.md,kafka-consumer-lag.md,kafka-consumer-lag.md,mysql-slow-query.md	feeb63b6d9784b7c4377a01e6be53fd810b4763166083e3e4e18d22af53ecf57,80ea04bfe5af4b02ddd52dfc87886771db9c2127bd10ef4083cbc85a0762afa6,205cf5078583c5d03efa084da7e227abbaa9139444d5f7720e1e74f40e7244bd,777f56be5a5ad7e211fc5248bbfec8703690a8d3c7ce085ed92e32035dfd44c7,3a68b91a2dd18c3d0b72dbaa27c133e0f02ad064bd8b828b89d53902e20ad214,99697f4e520ba733252505cfa37313c6f2dd8f1649939561e694d40f623445b0,eedc368fe4c73bbf596f887f1ebda7254673a19d3567cb1384014098d6160c22,d6e7d9a9ef64e301e7875fb4b17921e6dbd033f23ea53d424c2a94e4a710dbd8,e9afb755de33c52c6718454b60c892fc1e13054359d816a6a29e450f9e1399fe,f9bea5a3f6b04e23d7e33d676283bc857aa167d96205969a379a7ce5d65c348d
V07	validation	technical	VECTOR	0.0	SQL 扫描行数多且出现锁等待	mysql-slow-query.md	23.6548	0.0177	23.6725	1.0000	1.0000	1.0000	1	mysql-slow-query.md,mysql-slow-query.md,mysql-slow-query.md,mysql-slow-query.md,mysql-slow-query.md,mysql-slow-query.md,thread-pool-exhaustion.md,mysql-slow-query.md,kafka-consumer-lag.md,thread-pool-exhaustion.md,kafka-consumer-lag.md,thread-pool-exhaustion.md,thread-pool-exhaustion.md,thread-pool-exhaustion.md,kafka-consumer-lag.md,kafka-consumer-lag.md,kafka-consumer-lag.md,thread-pool-exhaustion.md,kafka-consumer-lag.md,thread-pool-exhaustion.md	0476218ca9f7a623d02341e0bec23bace9e296f047a4e6ee1a374607eec7e488,21446f391a537a431b6196884dbb84a7918fa8f77198b70240cbbcf6efc3cc0f,f6f412737de4e8a225d1de70f67a706f7cb0d06868b364500dc7bebe03cbb132,75ac93b9d9581e152d113813a22c7fb9d830eb8b91a746ded06458017e4a43d8,f9bea5a3f6b04e23d7e33d676283bc857aa167d96205969a379a7ce5d65c348d,4a31790f549d324205cb9fa1582f71eae4aa7eccb463d245b34231fd5dcb7969,c86342a1f8fead74f25a1e264047806659d491e909435742516de2b9d333f24a,9a1142c566e8e08896932ef6d4a8c14f780d8cbbcb11b1678101115aa8d45789,e9afb755de33c52c6718454b60c892fc1e13054359d816a6a29e450f9e1399fe,cc5f72b52750078c8a8f1fd8635f9dfd01a06e7e4f28bb3f6abd3301a56d7d27,3a68b91a2dd18c3d0b72dbaa27c133e0f02ad064bd8b828b89d53902e20ad214,eeac4bf4cc9e2d839aa85971bffc398b53ef73cbdb9dd9c7f6fc0aa6eda64f62,653ee6a2763bfb6d9faad3b6f0a603bcff19c6b6386bd19a76666f2cd509a2fb,a860345a5c3aeb9902cbb01e628adc1e1057c2351d61e3304a9ded3ed568fed5,eedc368fe4c73bbf596f887f1ebda7254673a19d3567cb1384014098d6160c22,d6e7d9a9ef64e301e7875fb4b17921e6dbd033f23ea53d424c2a94e4a710dbd8,205cf5078583c5d03efa084da7e227abbaa9139444d5f7720e1e74f40e7244bd,fe642594379bd01453a34dac80c93cbbc31cbbf3cfd25542589d4ecc3933ded1,99697f4e520ba733252505cfa37313c6f2dd8f1649939561e694d40f623445b0,777f56be5a5ad7e211fc5248bbfec8703690a8d3c7ce085ed92e32035dfd44c7
V07	validation	technical	HYBRID	0.0	SQL 扫描行数多且出现锁等待	mysql-slow-query.md	23.6548	0.3779	24.0327	1.0000	1.0000	1.0000	1	mysql-slow-query.md,mysql-slow-query.md,mysql-slow-query.md,mysql-slow-query.md,mysql-slow-query.md,mysql-slow-query.md,mysql-slow-query.md,thread-pool-exhaustion.md,thread-pool-exhaustion.md,thread-pool-exhaustion.md,kafka-consumer-lag.md,kafka-consumer-lag.md,kafka-consumer-lag.md,thread-pool-exhaustion.md,thread-pool-exhaustion.md,kafka-consumer-lag.md,kafka-consumer-lag.md,thread-pool-exhaustion.md,kafka-consumer-lag.md,thread-pool-exhaustion.md	0476218ca9f7a623d02341e0bec23bace9e296f047a4e6ee1a374607eec7e488,f6f412737de4e8a225d1de70f67a706f7cb0d06868b364500dc7bebe03cbb132,f9bea5a3f6b04e23d7e33d676283bc857aa167d96205969a379a7ce5d65c348d,21446f391a537a431b6196884dbb84a7918fa8f77198b70240cbbcf6efc3cc0f,4a31790f549d324205cb9fa1582f71eae4aa7eccb463d245b34231fd5dcb7969,9a1142c566e8e08896932ef6d4a8c14f780d8cbbcb11b1678101115aa8d45789,75ac93b9d9581e152d113813a22c7fb9d830eb8b91a746ded06458017e4a43d8,c86342a1f8fead74f25a1e264047806659d491e909435742516de2b9d333f24a,cc5f72b52750078c8a8f1fd8635f9dfd01a06e7e4f28bb3f6abd3301a56d7d27,653ee6a2763bfb6d9faad3b6f0a603bcff19c6b6386bd19a76666f2cd509a2fb,205cf5078583c5d03efa084da7e227abbaa9139444d5f7720e1e74f40e7244bd,e9afb755de33c52c6718454b60c892fc1e13054359d816a6a29e450f9e1399fe,3a68b91a2dd18c3d0b72dbaa27c133e0f02ad064bd8b828b89d53902e20ad214,eeac4bf4cc9e2d839aa85971bffc398b53ef73cbdb9dd9c7f6fc0aa6eda64f62,a860345a5c3aeb9902cbb01e628adc1e1057c2351d61e3304a9ded3ed568fed5,eedc368fe4c73bbf596f887f1ebda7254673a19d3567cb1384014098d6160c22,d6e7d9a9ef64e301e7875fb4b17921e6dbd033f23ea53d424c2a94e4a710dbd8,fe642594379bd01453a34dac80c93cbbc31cbbf3cfd25542589d4ecc3933ded1,99697f4e520ba733252505cfa37313c6f2dd8f1649939561e694d40f623445b0,777f56be5a5ad7e211fc5248bbfec8703690a8d3c7ce085ed92e32035dfd44c7
V07	validation	technical	HYBRID_RERANK	0.0	SQL 扫描行数多且出现锁等待	mysql-slow-query.md	23.6548	0.8313	24.4861	1.0000	1.0000	1.0000	1	mysql-slow-query.md,mysql-slow-query.md,mysql-slow-query.md,mysql-slow-query.md,mysql-slow-query.md,mysql-slow-query.md,mysql-slow-query.md,thread-pool-exhaustion.md,thread-pool-exhaustion.md,thread-pool-exhaustion.md,kafka-consumer-lag.md,kafka-consumer-lag.md,kafka-consumer-lag.md,thread-pool-exhaustion.md,thread-pool-exhaustion.md,kafka-consumer-lag.md,kafka-consumer-lag.md,thread-pool-exhaustion.md,kafka-consumer-lag.md,thread-pool-exhaustion.md	0476218ca9f7a623d02341e0bec23bace9e296f047a4e6ee1a374607eec7e488,f6f412737de4e8a225d1de70f67a706f7cb0d06868b364500dc7bebe03cbb132,4a31790f549d324205cb9fa1582f71eae4aa7eccb463d245b34231fd5dcb7969,f9bea5a3f6b04e23d7e33d676283bc857aa167d96205969a379a7ce5d65c348d,21446f391a537a431b6196884dbb84a7918fa8f77198b70240cbbcf6efc3cc0f,9a1142c566e8e08896932ef6d4a8c14f780d8cbbcb11b1678101115aa8d45789,75ac93b9d9581e152d113813a22c7fb9d830eb8b91a746ded06458017e4a43d8,c86342a1f8fead74f25a1e264047806659d491e909435742516de2b9d333f24a,cc5f72b52750078c8a8f1fd8635f9dfd01a06e7e4f28bb3f6abd3301a56d7d27,653ee6a2763bfb6d9faad3b6f0a603bcff19c6b6386bd19a76666f2cd509a2fb,205cf5078583c5d03efa084da7e227abbaa9139444d5f7720e1e74f40e7244bd,e9afb755de33c52c6718454b60c892fc1e13054359d816a6a29e450f9e1399fe,3a68b91a2dd18c3d0b72dbaa27c133e0f02ad064bd8b828b89d53902e20ad214,eeac4bf4cc9e2d839aa85971bffc398b53ef73cbdb9dd9c7f6fc0aa6eda64f62,a860345a5c3aeb9902cbb01e628adc1e1057c2351d61e3304a9ded3ed568fed5,eedc368fe4c73bbf596f887f1ebda7254673a19d3567cb1384014098d6160c22,d6e7d9a9ef64e301e7875fb4b17921e6dbd033f23ea53d424c2a94e4a710dbd8,fe642594379bd01453a34dac80c93cbbc31cbbf3cfd25542589d4ecc3933ded1,99697f4e520ba733252505cfa37313c6f2dd8f1649939561e694d40f623445b0,777f56be5a5ad7e211fc5248bbfec8703690a8d3c7ce085ed92e32035dfd44c7
V07	validation	technical	VECTOR	0.47	SQL 扫描行数多且出现锁等待	mysql-slow-query.md	23.6548	0.0060	23.6608	1.0000	1.0000	1.0000	1	mysql-slow-query.md,mysql-slow-query.md,mysql-slow-query.md,mysql-slow-query.md,mysql-slow-query.md,mysql-slow-query.md,thread-pool-exhaustion.md,mysql-slow-query.md,kafka-consumer-lag.md,thread-pool-exhaustion.md,kafka-consumer-lag.md,thread-pool-exhaustion.md,thread-pool-exhaustion.md,thread-pool-exhaustion.md,kafka-consumer-lag.md,kafka-consumer-lag.md,kafka-consumer-lag.md,thread-pool-exhaustion.md	0476218ca9f7a623d02341e0bec23bace9e296f047a4e6ee1a374607eec7e488,21446f391a537a431b6196884dbb84a7918fa8f77198b70240cbbcf6efc3cc0f,f6f412737de4e8a225d1de70f67a706f7cb0d06868b364500dc7bebe03cbb132,75ac93b9d9581e152d113813a22c7fb9d830eb8b91a746ded06458017e4a43d8,f9bea5a3f6b04e23d7e33d676283bc857aa167d96205969a379a7ce5d65c348d,4a31790f549d324205cb9fa1582f71eae4aa7eccb463d245b34231fd5dcb7969,c86342a1f8fead74f25a1e264047806659d491e909435742516de2b9d333f24a,9a1142c566e8e08896932ef6d4a8c14f780d8cbbcb11b1678101115aa8d45789,e9afb755de33c52c6718454b60c892fc1e13054359d816a6a29e450f9e1399fe,cc5f72b52750078c8a8f1fd8635f9dfd01a06e7e4f28bb3f6abd3301a56d7d27,3a68b91a2dd18c3d0b72dbaa27c133e0f02ad064bd8b828b89d53902e20ad214,eeac4bf4cc9e2d839aa85971bffc398b53ef73cbdb9dd9c7f6fc0aa6eda64f62,653ee6a2763bfb6d9faad3b6f0a603bcff19c6b6386bd19a76666f2cd509a2fb,a860345a5c3aeb9902cbb01e628adc1e1057c2351d61e3304a9ded3ed568fed5,eedc368fe4c73bbf596f887f1ebda7254673a19d3567cb1384014098d6160c22,d6e7d9a9ef64e301e7875fb4b17921e6dbd033f23ea53d424c2a94e4a710dbd8,205cf5078583c5d03efa084da7e227abbaa9139444d5f7720e1e74f40e7244bd,fe642594379bd01453a34dac80c93cbbc31cbbf3cfd25542589d4ecc3933ded1
V07	validation	technical	HYBRID	0.47	SQL 扫描行数多且出现锁等待	mysql-slow-query.md	23.6548	0.3751	24.0299	1.0000	1.0000	1.0000	1	mysql-slow-query.md,mysql-slow-query.md,mysql-slow-query.md,mysql-slow-query.md,mysql-slow-query.md,mysql-slow-query.md,mysql-slow-query.md,thread-pool-exhaustion.md,thread-pool-exhaustion.md,thread-pool-exhaustion.md,kafka-consumer-lag.md,kafka-consumer-lag.md,kafka-consumer-lag.md,thread-pool-exhaustion.md,thread-pool-exhaustion.md,kafka-consumer-lag.md,kafka-consumer-lag.md,thread-pool-exhaustion.md	0476218ca9f7a623d02341e0bec23bace9e296f047a4e6ee1a374607eec7e488,f6f412737de4e8a225d1de70f67a706f7cb0d06868b364500dc7bebe03cbb132,f9bea5a3f6b04e23d7e33d676283bc857aa167d96205969a379a7ce5d65c348d,21446f391a537a431b6196884dbb84a7918fa8f77198b70240cbbcf6efc3cc0f,4a31790f549d324205cb9fa1582f71eae4aa7eccb463d245b34231fd5dcb7969,9a1142c566e8e08896932ef6d4a8c14f780d8cbbcb11b1678101115aa8d45789,75ac93b9d9581e152d113813a22c7fb9d830eb8b91a746ded06458017e4a43d8,c86342a1f8fead74f25a1e264047806659d491e909435742516de2b9d333f24a,cc5f72b52750078c8a8f1fd8635f9dfd01a06e7e4f28bb3f6abd3301a56d7d27,653ee6a2763bfb6d9faad3b6f0a603bcff19c6b6386bd19a76666f2cd509a2fb,205cf5078583c5d03efa084da7e227abbaa9139444d5f7720e1e74f40e7244bd,e9afb755de33c52c6718454b60c892fc1e13054359d816a6a29e450f9e1399fe,3a68b91a2dd18c3d0b72dbaa27c133e0f02ad064bd8b828b89d53902e20ad214,eeac4bf4cc9e2d839aa85971bffc398b53ef73cbdb9dd9c7f6fc0aa6eda64f62,a860345a5c3aeb9902cbb01e628adc1e1057c2351d61e3304a9ded3ed568fed5,eedc368fe4c73bbf596f887f1ebda7254673a19d3567cb1384014098d6160c22,d6e7d9a9ef64e301e7875fb4b17921e6dbd033f23ea53d424c2a94e4a710dbd8,fe642594379bd01453a34dac80c93cbbc31cbbf3cfd25542589d4ecc3933ded1
V07	validation	technical	HYBRID_RERANK	0.47	SQL 扫描行数多且出现锁等待	mysql-slow-query.md	23.6548	0.8157	24.4705	1.0000	1.0000	1.0000	1	mysql-slow-query.md,mysql-slow-query.md,mysql-slow-query.md,mysql-slow-query.md,mysql-slow-query.md,mysql-slow-query.md,mysql-slow-query.md,thread-pool-exhaustion.md,thread-pool-exhaustion.md,thread-pool-exhaustion.md,kafka-consumer-lag.md,kafka-consumer-lag.md,kafka-consumer-lag.md,thread-pool-exhaustion.md,thread-pool-exhaustion.md,kafka-consumer-lag.md,kafka-consumer-lag.md,thread-pool-exhaustion.md	0476218ca9f7a623d02341e0bec23bace9e296f047a4e6ee1a374607eec7e488,f6f412737de4e8a225d1de70f67a706f7cb0d06868b364500dc7bebe03cbb132,4a31790f549d324205cb9fa1582f71eae4aa7eccb463d245b34231fd5dcb7969,f9bea5a3f6b04e23d7e33d676283bc857aa167d96205969a379a7ce5d65c348d,21446f391a537a431b6196884dbb84a7918fa8f77198b70240cbbcf6efc3cc0f,9a1142c566e8e08896932ef6d4a8c14f780d8cbbcb11b1678101115aa8d45789,75ac93b9d9581e152d113813a22c7fb9d830eb8b91a746ded06458017e4a43d8,c86342a1f8fead74f25a1e264047806659d491e909435742516de2b9d333f24a,cc5f72b52750078c8a8f1fd8635f9dfd01a06e7e4f28bb3f6abd3301a56d7d27,653ee6a2763bfb6d9faad3b6f0a603bcff19c6b6386bd19a76666f2cd509a2fb,205cf5078583c5d03efa084da7e227abbaa9139444d5f7720e1e74f40e7244bd,e9afb755de33c52c6718454b60c892fc1e13054359d816a6a29e450f9e1399fe,3a68b91a2dd18c3d0b72dbaa27c133e0f02ad064bd8b828b89d53902e20ad214,eeac4bf4cc9e2d839aa85971bffc398b53ef73cbdb9dd9c7f6fc0aa6eda64f62,a860345a5c3aeb9902cbb01e628adc1e1057c2351d61e3304a9ded3ed568fed5,eedc368fe4c73bbf596f887f1ebda7254673a19d3567cb1384014098d6160c22,d6e7d9a9ef64e301e7875fb4b17921e6dbd033f23ea53d424c2a94e4a710dbd8,fe642594379bd01453a34dac80c93cbbc31cbbf3cfd25542589d4ecc3933ded1
V08	validation	cross-component	VECTOR	0.0	消息交给执行器处理，线程池满载后 lag 升高	kafka-consumer-lag.md,thread-pool-exhaustion.md	27.0069	0.0181	27.0250	0.5000	0.5000	1.0000	1	thread-pool-exhaustion.md,thread-pool-exhaustion.md,thread-pool-exhaustion.md,thread-pool-exhaustion.md,thread-pool-exhaustion.md,thread-pool-exhaustion.md,thread-pool-exhaustion.md,thread-pool-exhaustion.md,kafka-consumer-lag.md,kafka-consumer-lag.md,mysql-slow-query.md,kafka-consumer-lag.md,kafka-consumer-lag.md,mysql-slow-query.md,kafka-consumer-lag.md,mysql-slow-query.md,mysql-slow-query.md,kafka-consumer-lag.md,kafka-consumer-lag.md,mysql-slow-query.md	777f56be5a5ad7e211fc5248bbfec8703690a8d3c7ce085ed92e32035dfd44c7,d534bfed6ffacdcf5d3badcb333a800a21fe3d0e7f0655969b8ed03a90043c8e,fe642594379bd01453a34dac80c93cbbc31cbbf3cfd25542589d4ecc3933ded1,a860345a5c3aeb9902cbb01e628adc1e1057c2351d61e3304a9ded3ed568fed5,cc5f72b52750078c8a8f1fd8635f9dfd01a06e7e4f28bb3f6abd3301a56d7d27,c86342a1f8fead74f25a1e264047806659d491e909435742516de2b9d333f24a,653ee6a2763bfb6d9faad3b6f0a603bcff19c6b6386bd19a76666f2cd509a2fb,eeac4bf4cc9e2d839aa85971bffc398b53ef73cbdb9dd9c7f6fc0aa6eda64f62,e9afb755de33c52c6718454b60c892fc1e13054359d816a6a29e450f9e1399fe,eedc368fe4c73bbf596f887f1ebda7254673a19d3567cb1384014098d6160c22,4a31790f549d324205cb9fa1582f71eae4aa7eccb463d245b34231fd5dcb7969,3a68b91a2dd18c3d0b72dbaa27c133e0f02ad064bd8b828b89d53902e20ad214,d6e7d9a9ef64e301e7875fb4b17921e6dbd033f23ea53d424c2a94e4a710dbd8,f9bea5a3f6b04e23d7e33d676283bc857aa167d96205969a379a7ce5d65c348d,205cf5078583c5d03efa084da7e227abbaa9139444d5f7720e1e74f40e7244bd,21446f391a537a431b6196884dbb84a7918fa8f77198b70240cbbcf6efc3cc0f,f6f412737de4e8a225d1de70f67a706f7cb0d06868b364500dc7bebe03cbb132,feeb63b6d9784b7c4377a01e6be53fd810b4763166083e3e4e18d22af53ecf57,80ea04bfe5af4b02ddd52dfc87886771db9c2127bd10ef4083cbc85a0762afa6,75ac93b9d9581e152d113813a22c7fb9d830eb8b91a746ded06458017e4a43d8
V08	validation	cross-component	HYBRID	0.0	消息交给执行器处理，线程池满载后 lag 升高	kafka-consumer-lag.md,thread-pool-exhaustion.md	27.0069	0.6257	27.6326	0.5000	0.5000	1.0000	1	thread-pool-exhaustion.md,thread-pool-exhaustion.md,thread-pool-exhaustion.md,thread-pool-exhaustion.md,thread-pool-exhaustion.md,mysql-slow-query.md,thread-pool-exhaustion.md,kafka-consumer-lag.md,kafka-consumer-lag.md,kafka-consumer-lag.md,kafka-consumer-lag.md,thread-pool-exhaustion.md,thread-pool-exhaustion.md,kafka-consumer-lag.md,kafka-consumer-lag.md,mysql-slow-query.md,mysql-slow-query.md,mysql-slow-query.md,kafka-consumer-lag.md,mysql-slow-query.md	777f56be5a5ad7e211fc5248bbfec8703690a8d3c7ce085ed92e32035dfd44c7,d534bfed6ffacdcf5d3badcb333a800a21fe3d0e7f0655969b8ed03a90043c8e,fe642594379bd01453a34dac80c93cbbc31cbbf3cfd25542589d4ecc3933ded1,cc5f72b52750078c8a8f1fd8635f9dfd01a06e7e4f28bb3f6abd3301a56d7d27,a860345a5c3aeb9902cbb01e628adc1e1057c2351d61e3304a9ded3ed568fed5,4a31790f549d324205cb9fa1582f71eae4aa7eccb463d245b34231fd5dcb7969,653ee6a2763bfb6d9faad3b6f0a603bcff19c6b6386bd19a76666f2cd509a2fb,e9afb755de33c52c6718454b60c892fc1e13054359d816a6a29e450f9e1399fe,205cf5078583c5d03efa084da7e227abbaa9139444d5f7720e1e74f40e7244bd,d6e7d9a9ef64e301e7875fb4b17921e6dbd033f23ea53d424c2a94e4a710dbd8,eedc368fe4c73bbf596f887f1ebda7254673a19d3567cb1384014098d6160c22,c86342a1f8fead74f25a1e264047806659d491e909435742516de2b9d333f24a,eeac4bf4cc9e2d839aa85971bffc398b53ef73cbdb9dd9c7f6fc0aa6eda64f62,3a68b91a2dd18c3d0b72dbaa27c133e0f02ad064bd8b828b89d53902e20ad214,feeb63b6d9784b7c4377a01e6be53fd810b4763166083e3e4e18d22af53ecf57,f6f412737de4e8a225d1de70f67a706f7cb0d06868b364500dc7bebe03cbb132,21446f391a537a431b6196884dbb84a7918fa8f77198b70240cbbcf6efc3cc0f,f9bea5a3f6b04e23d7e33d676283bc857aa167d96205969a379a7ce5d65c348d,80ea04bfe5af4b02ddd52dfc87886771db9c2127bd10ef4083cbc85a0762afa6,75ac93b9d9581e152d113813a22c7fb9d830eb8b91a746ded06458017e4a43d8
V08	validation	cross-component	HYBRID_RERANK	0.0	消息交给执行器处理，线程池满载后 lag 升高	kafka-consumer-lag.md,thread-pool-exhaustion.md	27.0069	1.0223	28.0292	0.5000	0.5000	1.0000	1	thread-pool-exhaustion.md,thread-pool-exhaustion.md,thread-pool-exhaustion.md,thread-pool-exhaustion.md,thread-pool-exhaustion.md,kafka-consumer-lag.md,thread-pool-exhaustion.md,thread-pool-exhaustion.md,thread-pool-exhaustion.md,kafka-consumer-lag.md,kafka-consumer-lag.md,kafka-consumer-lag.md,kafka-consumer-lag.md,kafka-consumer-lag.md,mysql-slow-query.md,mysql-slow-query.md,kafka-consumer-lag.md,mysql-slow-query.md,mysql-slow-query.md,mysql-slow-query.md	777f56be5a5ad7e211fc5248bbfec8703690a8d3c7ce085ed92e32035dfd44c7,d534bfed6ffacdcf5d3badcb333a800a21fe3d0e7f0655969b8ed03a90043c8e,cc5f72b52750078c8a8f1fd8635f9dfd01a06e7e4f28bb3f6abd3301a56d7d27,653ee6a2763bfb6d9faad3b6f0a603bcff19c6b6386bd19a76666f2cd509a2fb,a860345a5c3aeb9902cbb01e628adc1e1057c2351d61e3304a9ded3ed568fed5,205cf5078583c5d03efa084da7e227abbaa9139444d5f7720e1e74f40e7244bd,fe642594379bd01453a34dac80c93cbbc31cbbf3cfd25542589d4ecc3933ded1,c86342a1f8fead74f25a1e264047806659d491e909435742516de2b9d333f24a,eeac4bf4cc9e2d839aa85971bffc398b53ef73cbdb9dd9c7f6fc0aa6eda64f62,e9afb755de33c52c6718454b60c892fc1e13054359d816a6a29e450f9e1399fe,d6e7d9a9ef64e301e7875fb4b17921e6dbd033f23ea53d424c2a94e4a710dbd8,eedc368fe4c73bbf596f887f1ebda7254673a19d3567cb1384014098d6160c22,feeb63b6d9784b7c4377a01e6be53fd810b4763166083e3e4e18d22af53ecf57,3a68b91a2dd18c3d0b72dbaa27c133e0f02ad064bd8b828b89d53902e20ad214,4a31790f549d324205cb9fa1582f71eae4aa7eccb463d245b34231fd5dcb7969,21446f391a537a431b6196884dbb84a7918fa8f77198b70240cbbcf6efc3cc0f,80ea04bfe5af4b02ddd52dfc87886771db9c2127bd10ef4083cbc85a0762afa6,f6f412737de4e8a225d1de70f67a706f7cb0d06868b364500dc7bebe03cbb132,f9bea5a3f6b04e23d7e33d676283bc857aa167d96205969a379a7ce5d65c348d,75ac93b9d9581e152d113813a22c7fb9d830eb8b91a746ded06458017e4a43d8
V08	validation	cross-component	VECTOR	0.47	消息交给执行器处理，线程池满载后 lag 升高	kafka-consumer-lag.md,thread-pool-exhaustion.md	27.0069	0.0095	27.0164	0.5000	0.5000	1.0000	1	thread-pool-exhaustion.md,thread-pool-exhaustion.md,thread-pool-exhaustion.md,thread-pool-exhaustion.md,thread-pool-exhaustion.md,thread-pool-exhaustion.md,thread-pool-exhaustion.md,thread-pool-exhaustion.md,kafka-consumer-lag.md,kafka-consumer-lag.md,mysql-slow-query.md,kafka-consumer-lag.md,kafka-consumer-lag.md,mysql-slow-query.md,kafka-consumer-lag.md,mysql-slow-query.md,mysql-slow-query.md,kafka-consumer-lag.md,kafka-consumer-lag.md,mysql-slow-query.md	777f56be5a5ad7e211fc5248bbfec8703690a8d3c7ce085ed92e32035dfd44c7,d534bfed6ffacdcf5d3badcb333a800a21fe3d0e7f0655969b8ed03a90043c8e,fe642594379bd01453a34dac80c93cbbc31cbbf3cfd25542589d4ecc3933ded1,a860345a5c3aeb9902cbb01e628adc1e1057c2351d61e3304a9ded3ed568fed5,cc5f72b52750078c8a8f1fd8635f9dfd01a06e7e4f28bb3f6abd3301a56d7d27,c86342a1f8fead74f25a1e264047806659d491e909435742516de2b9d333f24a,653ee6a2763bfb6d9faad3b6f0a603bcff19c6b6386bd19a76666f2cd509a2fb,eeac4bf4cc9e2d839aa85971bffc398b53ef73cbdb9dd9c7f6fc0aa6eda64f62,e9afb755de33c52c6718454b60c892fc1e13054359d816a6a29e450f9e1399fe,eedc368fe4c73bbf596f887f1ebda7254673a19d3567cb1384014098d6160c22,4a31790f549d324205cb9fa1582f71eae4aa7eccb463d245b34231fd5dcb7969,3a68b91a2dd18c3d0b72dbaa27c133e0f02ad064bd8b828b89d53902e20ad214,d6e7d9a9ef64e301e7875fb4b17921e6dbd033f23ea53d424c2a94e4a710dbd8,f9bea5a3f6b04e23d7e33d676283bc857aa167d96205969a379a7ce5d65c348d,205cf5078583c5d03efa084da7e227abbaa9139444d5f7720e1e74f40e7244bd,21446f391a537a431b6196884dbb84a7918fa8f77198b70240cbbcf6efc3cc0f,f6f412737de4e8a225d1de70f67a706f7cb0d06868b364500dc7bebe03cbb132,feeb63b6d9784b7c4377a01e6be53fd810b4763166083e3e4e18d22af53ecf57,80ea04bfe5af4b02ddd52dfc87886771db9c2127bd10ef4083cbc85a0762afa6,75ac93b9d9581e152d113813a22c7fb9d830eb8b91a746ded06458017e4a43d8
V08	validation	cross-component	HYBRID	0.47	消息交给执行器处理，线程池满载后 lag 升高	kafka-consumer-lag.md,thread-pool-exhaustion.md	27.0069	0.3859	27.3928	0.5000	0.5000	1.0000	1	thread-pool-exhaustion.md,thread-pool-exhaustion.md,thread-pool-exhaustion.md,thread-pool-exhaustion.md,thread-pool-exhaustion.md,mysql-slow-query.md,thread-pool-exhaustion.md,kafka-consumer-lag.md,kafka-consumer-lag.md,kafka-consumer-lag.md,kafka-consumer-lag.md,thread-pool-exhaustion.md,thread-pool-exhaustion.md,kafka-consumer-lag.md,kafka-consumer-lag.md,mysql-slow-query.md,mysql-slow-query.md,mysql-slow-query.md,kafka-consumer-lag.md,mysql-slow-query.md	777f56be5a5ad7e211fc5248bbfec8703690a8d3c7ce085ed92e32035dfd44c7,d534bfed6ffacdcf5d3badcb333a800a21fe3d0e7f0655969b8ed03a90043c8e,fe642594379bd01453a34dac80c93cbbc31cbbf3cfd25542589d4ecc3933ded1,cc5f72b52750078c8a8f1fd8635f9dfd01a06e7e4f28bb3f6abd3301a56d7d27,a860345a5c3aeb9902cbb01e628adc1e1057c2351d61e3304a9ded3ed568fed5,4a31790f549d324205cb9fa1582f71eae4aa7eccb463d245b34231fd5dcb7969,653ee6a2763bfb6d9faad3b6f0a603bcff19c6b6386bd19a76666f2cd509a2fb,e9afb755de33c52c6718454b60c892fc1e13054359d816a6a29e450f9e1399fe,205cf5078583c5d03efa084da7e227abbaa9139444d5f7720e1e74f40e7244bd,d6e7d9a9ef64e301e7875fb4b17921e6dbd033f23ea53d424c2a94e4a710dbd8,eedc368fe4c73bbf596f887f1ebda7254673a19d3567cb1384014098d6160c22,c86342a1f8fead74f25a1e264047806659d491e909435742516de2b9d333f24a,eeac4bf4cc9e2d839aa85971bffc398b53ef73cbdb9dd9c7f6fc0aa6eda64f62,3a68b91a2dd18c3d0b72dbaa27c133e0f02ad064bd8b828b89d53902e20ad214,feeb63b6d9784b7c4377a01e6be53fd810b4763166083e3e4e18d22af53ecf57,f6f412737de4e8a225d1de70f67a706f7cb0d06868b364500dc7bebe03cbb132,21446f391a537a431b6196884dbb84a7918fa8f77198b70240cbbcf6efc3cc0f,f9bea5a3f6b04e23d7e33d676283bc857aa167d96205969a379a7ce5d65c348d,80ea04bfe5af4b02ddd52dfc87886771db9c2127bd10ef4083cbc85a0762afa6,75ac93b9d9581e152d113813a22c7fb9d830eb8b91a746ded06458017e4a43d8
V08	validation	cross-component	HYBRID_RERANK	0.47	消息交给执行器处理，线程池满载后 lag 升高	kafka-consumer-lag.md,thread-pool-exhaustion.md	27.0069	0.9055	27.9124	0.5000	0.5000	1.0000	1	thread-pool-exhaustion.md,thread-pool-exhaustion.md,thread-pool-exhaustion.md,thread-pool-exhaustion.md,thread-pool-exhaustion.md,kafka-consumer-lag.md,thread-pool-exhaustion.md,thread-pool-exhaustion.md,thread-pool-exhaustion.md,kafka-consumer-lag.md,kafka-consumer-lag.md,kafka-consumer-lag.md,kafka-consumer-lag.md,kafka-consumer-lag.md,mysql-slow-query.md,mysql-slow-query.md,kafka-consumer-lag.md,mysql-slow-query.md,mysql-slow-query.md,mysql-slow-query.md	777f56be5a5ad7e211fc5248bbfec8703690a8d3c7ce085ed92e32035dfd44c7,d534bfed6ffacdcf5d3badcb333a800a21fe3d0e7f0655969b8ed03a90043c8e,cc5f72b52750078c8a8f1fd8635f9dfd01a06e7e4f28bb3f6abd3301a56d7d27,653ee6a2763bfb6d9faad3b6f0a603bcff19c6b6386bd19a76666f2cd509a2fb,a860345a5c3aeb9902cbb01e628adc1e1057c2351d61e3304a9ded3ed568fed5,205cf5078583c5d03efa084da7e227abbaa9139444d5f7720e1e74f40e7244bd,fe642594379bd01453a34dac80c93cbbc31cbbf3cfd25542589d4ecc3933ded1,c86342a1f8fead74f25a1e264047806659d491e909435742516de2b9d333f24a,eeac4bf4cc9e2d839aa85971bffc398b53ef73cbdb9dd9c7f6fc0aa6eda64f62,e9afb755de33c52c6718454b60c892fc1e13054359d816a6a29e450f9e1399fe,d6e7d9a9ef64e301e7875fb4b17921e6dbd033f23ea53d424c2a94e4a710dbd8,eedc368fe4c73bbf596f887f1ebda7254673a19d3567cb1384014098d6160c22,feeb63b6d9784b7c4377a01e6be53fd810b4763166083e3e4e18d22af53ecf57,3a68b91a2dd18c3d0b72dbaa27c133e0f02ad064bd8b828b89d53902e20ad214,4a31790f549d324205cb9fa1582f71eae4aa7eccb463d245b34231fd5dcb7969,21446f391a537a431b6196884dbb84a7918fa8f77198b70240cbbcf6efc3cc0f,80ea04bfe5af4b02ddd52dfc87886771db9c2127bd10ef4083cbc85a0762afa6,f6f412737de4e8a225d1de70f67a706f7cb0d06868b364500dc7bebe03cbb132,f9bea5a3f6b04e23d7e33d676283bc857aa167d96205969a379a7ce5d65c348d,75ac93b9d9581e152d113813a22c7fb9d830eb8b91a746ded06458017e4a43d8
V09	validation	cross-component	VECTOR	0.0	数据库响应变慢后 Kafka 消费能力下降	kafka-consumer-lag.md,mysql-slow-query.md	25.2075	0.0176	25.2251	0.0000	1.0000	0.5000	2	thread-pool-exhaustion.md,mysql-slow-query.md,kafka-consumer-lag.md,kafka-consumer-lag.md,kafka-consumer-lag.md,kafka-consumer-lag.md,mysql-slow-query.md,mysql-slow-query.md,kafka-consumer-lag.md,mysql-slow-query.md,kafka-consumer-lag.md,kafka-consumer-lag.md,kafka-consumer-lag.md,mysql-slow-query.md,mysql-slow-query.md,mysql-slow-query.md,thread-pool-exhaustion.md,thread-pool-exhaustion.md,thread-pool-exhaustion.md,thread-pool-exhaustion.md	777f56be5a5ad7e211fc5248bbfec8703690a8d3c7ce085ed92e32035dfd44c7,4a31790f549d324205cb9fa1582f71eae4aa7eccb463d245b34231fd5dcb7969,3a68b91a2dd18c3d0b72dbaa27c133e0f02ad064bd8b828b89d53902e20ad214,d6e7d9a9ef64e301e7875fb4b17921e6dbd033f23ea53d424c2a94e4a710dbd8,eedc368fe4c73bbf596f887f1ebda7254673a19d3567cb1384014098d6160c22,e9afb755de33c52c6718454b60c892fc1e13054359d816a6a29e450f9e1399fe,f6f412737de4e8a225d1de70f67a706f7cb0d06868b364500dc7bebe03cbb132,9a1142c566e8e08896932ef6d4a8c14f780d8cbbcb11b1678101115aa8d45789,205cf5078583c5d03efa084da7e227abbaa9139444d5f7720e1e74f40e7244bd,21446f391a537a431b6196884dbb84a7918fa8f77198b70240cbbcf6efc3cc0f,feeb63b6d9784b7c4377a01e6be53fd810b4763166083e3e4e18d22af53ecf57,80ea04bfe5af4b02ddd52dfc87886771db9c2127bd10ef4083cbc85a0762afa6,99697f4e520ba733252505cfa37313c6f2dd8f1649939561e694d40f623445b0,75ac93b9d9581e152d113813a22c7fb9d830eb8b91a746ded06458017e4a43d8,f9bea5a3f6b04e23d7e33d676283bc857aa167d96205969a379a7ce5d65c348d,0476218ca9f7a623d02341e0bec23bace9e296f047a4e6ee1a374607eec7e488,653ee6a2763bfb6d9faad3b6f0a603bcff19c6b6386bd19a76666f2cd509a2fb,c86342a1f8fead74f25a1e264047806659d491e909435742516de2b9d333f24a,a860345a5c3aeb9902cbb01e628adc1e1057c2351d61e3304a9ded3ed568fed5,cc5f72b52750078c8a8f1fd8635f9dfd01a06e7e4f28bb3f6abd3301a56d7d27
V09	validation	cross-component	HYBRID	0.0	数据库响应变慢后 Kafka 消费能力下降	kafka-consumer-lag.md,mysql-slow-query.md	25.2075	0.4210	25.6285	0.0000	1.0000	0.5000	2	thread-pool-exhaustion.md,mysql-slow-query.md,kafka-consumer-lag.md,mysql-slow-query.md,kafka-consumer-lag.md,kafka-consumer-lag.md,mysql-slow-query.md,kafka-consumer-lag.md,kafka-consumer-lag.md,kafka-consumer-lag.md,mysql-slow-query.md,kafka-consumer-lag.md,kafka-consumer-lag.md,thread-pool-exhaustion.md,thread-pool-exhaustion.md,mysql-slow-query.md,mysql-slow-query.md,thread-pool-exhaustion.md,mysql-slow-query.md,thread-pool-exhaustion.md	777f56be5a5ad7e211fc5248bbfec8703690a8d3c7ce085ed92e32035dfd44c7,4a31790f549d324205cb9fa1582f71eae4aa7eccb463d245b34231fd5dcb7969,d6e7d9a9ef64e301e7875fb4b17921e6dbd033f23ea53d424c2a94e4a710dbd8,f6f412737de4e8a225d1de70f67a706f7cb0d06868b364500dc7bebe03cbb132,3a68b91a2dd18c3d0b72dbaa27c133e0f02ad064bd8b828b89d53902e20ad214,eedc368fe4c73bbf596f887f1ebda7254673a19d3567cb1384014098d6160c22,9a1142c566e8e08896932ef6d4a8c14f780d8cbbcb11b1678101115aa8d45789,99697f4e520ba733252505cfa37313c6f2dd8f1649939561e694d40f623445b0,e9afb755de33c52c6718454b60c892fc1e13054359d816a6a29e450f9e1399fe,80ea04bfe5af4b02ddd52dfc87886771db9c2127bd10ef4083cbc85a0762afa6,21446f391a537a431b6196884dbb84a7918fa8f77198b70240cbbcf6efc3cc0f,feeb63b6d9784b7c4377a01e6be53fd810b4763166083e3e4e18d22af53ecf57,205cf5078583c5d03efa084da7e227abbaa9139444d5f7720e1e74f40e7244bd,c86342a1f8fead74f25a1e264047806659d491e909435742516de2b9d333f24a,653ee6a2763bfb6d9faad3b6f0a603bcff19c6b6386bd19a76666f2cd509a2fb,75ac93b9d9581e152d113813a22c7fb9d830eb8b91a746ded06458017e4a43d8,f9bea5a3f6b04e23d7e33d676283bc857aa167d96205969a379a7ce5d65c348d,a860345a5c3aeb9902cbb01e628adc1e1057c2351d61e3304a9ded3ed568fed5,0476218ca9f7a623d02341e0bec23bace9e296f047a4e6ee1a374607eec7e488,cc5f72b52750078c8a8f1fd8635f9dfd01a06e7e4f28bb3f6abd3301a56d7d27
V09	validation	cross-component	HYBRID_RERANK	0.0	数据库响应变慢后 Kafka 消费能力下降	kafka-consumer-lag.md,mysql-slow-query.md	25.2075	0.8978	26.1053	0.5000	0.5000	1.0000	1	mysql-slow-query.md,mysql-slow-query.md,mysql-slow-query.md,kafka-consumer-lag.md,kafka-consumer-lag.md,kafka-consumer-lag.md,kafka-consumer-lag.md,thread-pool-exhaustion.md,kafka-consumer-lag.md,mysql-slow-query.md,mysql-slow-query.md,thread-pool-exhaustion.md,kafka-consumer-lag.md,kafka-consumer-lag.md,kafka-consumer-lag.md,mysql-slow-query.md,thread-pool-exhaustion.md,mysql-slow-query.md,thread-pool-exhaustion.md,thread-pool-exhaustion.md	f6f412737de4e8a225d1de70f67a706f7cb0d06868b364500dc7bebe03cbb132,9a1142c566e8e08896932ef6d4a8c14f780d8cbbcb11b1678101115aa8d45789,4a31790f549d324205cb9fa1582f71eae4aa7eccb463d245b34231fd5dcb7969,d6e7d9a9ef64e301e7875fb4b17921e6dbd033f23ea53d424c2a94e4a710dbd8,eedc368fe4c73bbf596f887f1ebda7254673a19d3567cb1384014098d6160c22,99697f4e520ba733252505cfa37313c6f2dd8f1649939561e694d40f623445b0,e9afb755de33c52c6718454b60c892fc1e13054359d816a6a29e450f9e1399fe,777f56be5a5ad7e211fc5248bbfec8703690a8d3c7ce085ed92e32035dfd44c7,80ea04bfe5af4b02ddd52dfc87886771db9c2127bd10ef4083cbc85a0762afa6,f9bea5a3f6b04e23d7e33d676283bc857aa167d96205969a379a7ce5d65c348d,21446f391a537a431b6196884dbb84a7918fa8f77198b70240cbbcf6efc3cc0f,c86342a1f8fead74f25a1e264047806659d491e909435742516de2b9d333f24a,3a68b91a2dd18c3d0b72dbaa27c133e0f02ad064bd8b828b89d53902e20ad214,feeb63b6d9784b7c4377a01e6be53fd810b4763166083e3e4e18d22af53ecf57,205cf5078583c5d03efa084da7e227abbaa9139444d5f7720e1e74f40e7244bd,75ac93b9d9581e152d113813a22c7fb9d830eb8b91a746ded06458017e4a43d8,a860345a5c3aeb9902cbb01e628adc1e1057c2351d61e3304a9ded3ed568fed5,0476218ca9f7a623d02341e0bec23bace9e296f047a4e6ee1a374607eec7e488,653ee6a2763bfb6d9faad3b6f0a603bcff19c6b6386bd19a76666f2cd509a2fb,cc5f72b52750078c8a8f1fd8635f9dfd01a06e7e4f28bb3f6abd3301a56d7d27
V09	validation	cross-component	VECTOR	0.47	数据库响应变慢后 Kafka 消费能力下降	kafka-consumer-lag.md,mysql-slow-query.md	25.2075	0.0058	25.2133	0.0000	1.0000	0.5000	2	thread-pool-exhaustion.md,mysql-slow-query.md,kafka-consumer-lag.md,kafka-consumer-lag.md,kafka-consumer-lag.md,kafka-consumer-lag.md,mysql-slow-query.md,mysql-slow-query.md,kafka-consumer-lag.md,mysql-slow-query.md,kafka-consumer-lag.md,kafka-consumer-lag.md,kafka-consumer-lag.md,mysql-slow-query.md,mysql-slow-query.md,mysql-slow-query.md,thread-pool-exhaustion.md,thread-pool-exhaustion.md,thread-pool-exhaustion.md,thread-pool-exhaustion.md	777f56be5a5ad7e211fc5248bbfec8703690a8d3c7ce085ed92e32035dfd44c7,4a31790f549d324205cb9fa1582f71eae4aa7eccb463d245b34231fd5dcb7969,3a68b91a2dd18c3d0b72dbaa27c133e0f02ad064bd8b828b89d53902e20ad214,d6e7d9a9ef64e301e7875fb4b17921e6dbd033f23ea53d424c2a94e4a710dbd8,eedc368fe4c73bbf596f887f1ebda7254673a19d3567cb1384014098d6160c22,e9afb755de33c52c6718454b60c892fc1e13054359d816a6a29e450f9e1399fe,f6f412737de4e8a225d1de70f67a706f7cb0d06868b364500dc7bebe03cbb132,9a1142c566e8e08896932ef6d4a8c14f780d8cbbcb11b1678101115aa8d45789,205cf5078583c5d03efa084da7e227abbaa9139444d5f7720e1e74f40e7244bd,21446f391a537a431b6196884dbb84a7918fa8f77198b70240cbbcf6efc3cc0f,feeb63b6d9784b7c4377a01e6be53fd810b4763166083e3e4e18d22af53ecf57,80ea04bfe5af4b02ddd52dfc87886771db9c2127bd10ef4083cbc85a0762afa6,99697f4e520ba733252505cfa37313c6f2dd8f1649939561e694d40f623445b0,75ac93b9d9581e152d113813a22c7fb9d830eb8b91a746ded06458017e4a43d8,f9bea5a3f6b04e23d7e33d676283bc857aa167d96205969a379a7ce5d65c348d,0476218ca9f7a623d02341e0bec23bace9e296f047a4e6ee1a374607eec7e488,653ee6a2763bfb6d9faad3b6f0a603bcff19c6b6386bd19a76666f2cd509a2fb,c86342a1f8fead74f25a1e264047806659d491e909435742516de2b9d333f24a,a860345a5c3aeb9902cbb01e628adc1e1057c2351d61e3304a9ded3ed568fed5,cc5f72b52750078c8a8f1fd8635f9dfd01a06e7e4f28bb3f6abd3301a56d7d27
V09	validation	cross-component	HYBRID	0.47	数据库响应变慢后 Kafka 消费能力下降	kafka-consumer-lag.md,mysql-slow-query.md	25.2075	0.3843	25.5918	0.0000	1.0000	0.5000	2	thread-pool-exhaustion.md,mysql-slow-query.md,kafka-consumer-lag.md,mysql-slow-query.md,kafka-consumer-lag.md,kafka-consumer-lag.md,mysql-slow-query.md,kafka-consumer-lag.md,kafka-consumer-lag.md,kafka-consumer-lag.md,mysql-slow-query.md,kafka-consumer-lag.md,kafka-consumer-lag.md,thread-pool-exhaustion.md,thread-pool-exhaustion.md,mysql-slow-query.md,mysql-slow-query.md,thread-pool-exhaustion.md,mysql-slow-query.md,thread-pool-exhaustion.md	777f56be5a5ad7e211fc5248bbfec8703690a8d3c7ce085ed92e32035dfd44c7,4a31790f549d324205cb9fa1582f71eae4aa7eccb463d245b34231fd5dcb7969,d6e7d9a9ef64e301e7875fb4b17921e6dbd033f23ea53d424c2a94e4a710dbd8,f6f412737de4e8a225d1de70f67a706f7cb0d06868b364500dc7bebe03cbb132,3a68b91a2dd18c3d0b72dbaa27c133e0f02ad064bd8b828b89d53902e20ad214,eedc368fe4c73bbf596f887f1ebda7254673a19d3567cb1384014098d6160c22,9a1142c566e8e08896932ef6d4a8c14f780d8cbbcb11b1678101115aa8d45789,99697f4e520ba733252505cfa37313c6f2dd8f1649939561e694d40f623445b0,e9afb755de33c52c6718454b60c892fc1e13054359d816a6a29e450f9e1399fe,80ea04bfe5af4b02ddd52dfc87886771db9c2127bd10ef4083cbc85a0762afa6,21446f391a537a431b6196884dbb84a7918fa8f77198b70240cbbcf6efc3cc0f,feeb63b6d9784b7c4377a01e6be53fd810b4763166083e3e4e18d22af53ecf57,205cf5078583c5d03efa084da7e227abbaa9139444d5f7720e1e74f40e7244bd,c86342a1f8fead74f25a1e264047806659d491e909435742516de2b9d333f24a,653ee6a2763bfb6d9faad3b6f0a603bcff19c6b6386bd19a76666f2cd509a2fb,75ac93b9d9581e152d113813a22c7fb9d830eb8b91a746ded06458017e4a43d8,f9bea5a3f6b04e23d7e33d676283bc857aa167d96205969a379a7ce5d65c348d,a860345a5c3aeb9902cbb01e628adc1e1057c2351d61e3304a9ded3ed568fed5,0476218ca9f7a623d02341e0bec23bace9e296f047a4e6ee1a374607eec7e488,cc5f72b52750078c8a8f1fd8635f9dfd01a06e7e4f28bb3f6abd3301a56d7d27
V09	validation	cross-component	HYBRID_RERANK	0.47	数据库响应变慢后 Kafka 消费能力下降	kafka-consumer-lag.md,mysql-slow-query.md	25.2075	0.8912	26.0987	0.5000	0.5000	1.0000	1	mysql-slow-query.md,mysql-slow-query.md,mysql-slow-query.md,kafka-consumer-lag.md,kafka-consumer-lag.md,kafka-consumer-lag.md,kafka-consumer-lag.md,thread-pool-exhaustion.md,kafka-consumer-lag.md,mysql-slow-query.md,mysql-slow-query.md,thread-pool-exhaustion.md,kafka-consumer-lag.md,kafka-consumer-lag.md,kafka-consumer-lag.md,mysql-slow-query.md,thread-pool-exhaustion.md,mysql-slow-query.md,thread-pool-exhaustion.md,thread-pool-exhaustion.md	f6f412737de4e8a225d1de70f67a706f7cb0d06868b364500dc7bebe03cbb132,9a1142c566e8e08896932ef6d4a8c14f780d8cbbcb11b1678101115aa8d45789,4a31790f549d324205cb9fa1582f71eae4aa7eccb463d245b34231fd5dcb7969,d6e7d9a9ef64e301e7875fb4b17921e6dbd033f23ea53d424c2a94e4a710dbd8,eedc368fe4c73bbf596f887f1ebda7254673a19d3567cb1384014098d6160c22,99697f4e520ba733252505cfa37313c6f2dd8f1649939561e694d40f623445b0,e9afb755de33c52c6718454b60c892fc1e13054359d816a6a29e450f9e1399fe,777f56be5a5ad7e211fc5248bbfec8703690a8d3c7ce085ed92e32035dfd44c7,80ea04bfe5af4b02ddd52dfc87886771db9c2127bd10ef4083cbc85a0762afa6,f9bea5a3f6b04e23d7e33d676283bc857aa167d96205969a379a7ce5d65c348d,21446f391a537a431b6196884dbb84a7918fa8f77198b70240cbbcf6efc3cc0f,c86342a1f8fead74f25a1e264047806659d491e909435742516de2b9d333f24a,3a68b91a2dd18c3d0b72dbaa27c133e0f02ad064bd8b828b89d53902e20ad214,feeb63b6d9784b7c4377a01e6be53fd810b4763166083e3e4e18d22af53ecf57,205cf5078583c5d03efa084da7e227abbaa9139444d5f7720e1e74f40e7244bd,75ac93b9d9581e152d113813a22c7fb9d830eb8b91a746ded06458017e4a43d8,a860345a5c3aeb9902cbb01e628adc1e1057c2351d61e3304a9ded3ed568fed5,0476218ca9f7a623d02341e0bec23bace9e296f047a4e6ee1a374607eec7e488,653ee6a2763bfb6d9faad3b6f0a603bcff19c6b6386bd19a76666f2cd509a2fb,cc5f72b52750078c8a8f1fd8635f9dfd01a06e7e4f28bb3f6abd3301a56d7d27
